video_id,channel_id,channel_name,title,published_date,published_month,published_day_name,category_id,duration_minutes,view_count,like_count,comment_count,engagement_rate
QuzttTTLyMk,UCWv7vMbMWH4-V0ZXdmDpPBA,Programming with Mosh,Claude Code Tutorial Dropped #claude #claudecode,2026-03-25,2026-03,Wednesday,27,1.93,32154,565,7,1.78
IuyVVtr1uhY,UCWv7vMbMWH4-V0ZXdmDpPBA,Programming with Mosh,Claude Code Tutorial - Build Apps 10x Faster with AI,2026-03-24,2026-03,Tuesday,27,58.18,301820,6549,303,2.27
-vqGZaThouQ,UCWv7vMbMWH4-V0ZXdmDpPBA,Programming with Mosh,New Course Dropping Soon...,2026-03-18,2026-03,Wednesday,27,1.97,27700,1428,123,5.6
CIXT-kc3l6g,UCWv7vMbMWH4-V0ZXdmDpPBA,Programming with Mosh,Top Programming Languages to Learn in 2026 #ai #technology #codeprep #programming #coding #tech,2025-12-19,2025-12,Friday,27,2.83,43582,1111,27,2.61
naNcmnKskUE,UCWv7vMbMWH4-V0ZXdmDpPBA,Programming with Mosh,Top 5 Programming Languages to Learn in 2026 (to Actually Get Hired),2025-12-18,2025-12,Thursday,27,11.52,295524,8597,766,3.17
bshe96X5KkA,UCWv7vMbMWH4-V0ZXdmDpPBA,Programming with Mosh,AI Course for Developers - Build AI-Powered Apps,2025-08-26,2025-08,Tuesday,27,1.1,27275,868,13,3.23
PtETUYa3i2Q,UCWv7vMbMWH4-V0ZXdmDpPBA,Programming with Mosh,AI Course for Developers – Build AI-Powered Apps with React,2025-08-25,2025-08,Monday,27,145.67,146755,3974,249,2.88
V7TMkZH1AkM,UCWv7vMbMWH4-V0ZXdmDpPBA,Programming with Mosh,A Practical AI Course for Developers is Coming...,2025-08-18,2025-08,Monday,27,0.85,35577,1653,164,5.11
h4FRpDGuJyI,UCWv7vMbMWH4-V0ZXdmDpPBA,Programming with Mosh,"Microsoft laid off 6,000 people… but why?",2025-05-20,2025-05,Tuesday,27,3.88,97909,4444,372,4.92
EWd3_I4X32g,UCWv7vMbMWH4-V0ZXdmDpPBA,Programming with Mosh,Spring Boot Project: Build a REST API for an E-commerce Platform,2025-04-16,2025-04,Wednesday,27,120.28,227566,3907,151,1.78
M5B-xBmznok,UCWv7vMbMWH4-V0ZXdmDpPBA,Programming with Mosh,Part 2 of my Spring Boot course dropping soon!,2025-04-16,2025-04,Wednesday,27,0.75,21648,730,13,3.43
Iqz7BWePOys,UCWv7vMbMWH4-V0ZXdmDpPBA,Programming with Mosh,How Spring Boot Can Be A Game Changer For Your Career,2025-03-12,2025-03,Wednesday,27,2.83,23697,1970,19,8.39
v73-ps01c5w,UCWv7vMbMWH4-V0ZXdmDpPBA,Programming with Mosh,How Spring Boot Can Be A Game Changer For Your Career,2025-03-04,2025-03,Tuesday,27,4.08,97658,2357,103,2.52
gJrjgg1KVL4,UCWv7vMbMWH4-V0ZXdmDpPBA,Programming with Mosh,Spring Boot Tutorial for Beginners [2025],2025-02-26,2025-02,Wednesday,27,71.37,919649,15389,518,1.73
lvg8pBJ2kFg,UCWv7vMbMWH4-V0ZXdmDpPBA,Programming with Mosh,You asked for it. It’s finally happening!,2025-02-18,2025-02,Tuesday,27,1.25,35890,1184,148,3.71
K5KVEU3aaeQ,UCWv7vMbMWH4-V0ZXdmDpPBA,Programming with Mosh,Python Full Course for Beginners,2025-02-12,2025-02,Wednesday,27,122.35,6234281,145342,3815,2.39
v7BNtpw53AA,UCWv7vMbMWH4-V0ZXdmDpPBA,Programming with Mosh,The Complete Cybersecurity Roadmap: Land a Cybersecurity Job in 10 Months,2025-01-14,2025-01,Tuesday,27,5.9,642226,22388,610,3.58
gdiao7L9GjE,UCWv7vMbMWH4-V0ZXdmDpPBA,Programming with Mosh,From Zero to Blockchain Developer in 10 Months: Complete Roadmap,2025-01-07,2025-01,Tuesday,27,4.98,255958,7907,352,3.23
zVEH7Zt1j9A,UCWv7vMbMWH4-V0ZXdmDpPBA,Programming with Mosh,Top Tech Jobs for 2025: High Demand & High Pay,2024-12-27,2024-12,Friday,27,2.03,38083,1453,52,3.95
fZmQ_aPXJAM,UCWv7vMbMWH4-V0ZXdmDpPBA,Programming with Mosh,The Best Tech Jobs for 2025: High Demand & High Pay,2024-12-24,2024-12,Tuesday,27,5.27,591922,13009,664,2.31
AD43TVI2S0A,UCWv7vMbMWH4-V0ZXdmDpPBA,Programming with Mosh,Mosh's Christmas Gift to You!,2024-12-13,2024-12,Friday,27,1.4,25179,822,110,3.7
AQdMaSaHWdM,UCWv7vMbMWH4-V0ZXdmDpPBA,Programming with Mosh,Don't Miss Mosh's Black Friday Sale!,2024-11-25,2024-11,Monday,27,2.23,17227,633,48,3.95
YNtWJNPCPPs,UCWv7vMbMWH4-V0ZXdmDpPBA,Programming with Mosh,Don't Miss Mosh's Black Friday Sale!,2024-11-23,2024-11,Saturday,27,2.23,102560,1127,150,1.25
BGZB9dn0GV4,UCWv7vMbMWH4-V0ZXdmDpPBA,Programming with Mosh,3 Problems with AI-Generated Code,2024-11-15,2024-11,Friday,27,8.67,94030,3822,404,4.49
yVl_G-F7m8c,UCWv7vMbMWH4-V0ZXdmDpPBA,Programming with Mosh,Python Projects for Beginners – Master Problem-Solving! 🚀,2024-09-10,2024-09,Tuesday,27,53.0,855355,17509,578,2.11
6GQRb4fGvtk,UCWv7vMbMWH4-V0ZXdmDpPBA,Programming with Mosh,The Complete DevOps Roadmap,2024-08-15,2024-08,Thursday,27,8.02,588374,16498,522,2.89
YRJbhFLLPyE,UCWv7vMbMWH4-V0ZXdmDpPBA,Programming with Mosh,The Complete Data Analyst Roadmap,2024-08-06,2024-08,Tuesday,27,4.13,716541,18459,359,2.63
9R3X0JoCLyU,UCWv7vMbMWH4-V0ZXdmDpPBA,Programming with Mosh,The Complete Data Science Roadmap,2024-08-01,2024-08,Thursday,27,6.22,778099,21840,485,2.87
GxmfcnU3feo,UCWv7vMbMWH4-V0ZXdmDpPBA,Programming with Mosh,The Complete Web Development Roadmap,2024-07-25,2024-07,Thursday,27,15.25,1378466,25194,877,1.89
7IgVGSaQPaw,UCWv7vMbMWH4-V0ZXdmDpPBA,Programming with Mosh,The Complete Machine Learning Roadmap,2024-07-18,2024-07,Thursday,27,5.42,999715,27379,869,2.83
3ZEMvvDFEdA,UCWv7vMbMWH4-V0ZXdmDpPBA,Programming with Mosh,Become a Mobile Developer in 12 Months! 🚀,2024-07-11,2024-07,Thursday,27,0.92,20954,990,20,4.82
yye7rSsiV6k,UCWv7vMbMWH4-V0ZXdmDpPBA,Programming with Mosh,The Complete App Development Roadmap,2024-07-04,2024-07,Thursday,27,7.87,1549448,34424,914,2.28
IQDA39A44AA,UCWv7vMbMWH4-V0ZXdmDpPBA,Programming with Mosh,Become a Back-end Developer in 12 Months! 🚀,2024-06-19,2024-06,Wednesday,27,0.98,29901,1560,18,5.28
CxLdTIIMXuM,UCWv7vMbMWH4-V0ZXdmDpPBA,Programming with Mosh,Become a Frontend Developer in 12 Months! 🚀,2024-06-12,2024-06,Wednesday,27,0.87,44704,1793,18,4.05
OeEHJgzqS1k,UCWv7vMbMWH4-V0ZXdmDpPBA,Programming with Mosh,The Complete Backend Developer Roadmap,2024-06-11,2024-06,Tuesday,27,8.4,784838,21267,589,2.78
Tef1e9FiSR0,UCWv7vMbMWH4-V0ZXdmDpPBA,Programming with Mosh,The Complete Frontend Developer Roadmap,2024-05-28,2024-05,Tuesday,27,8.9,615631,20071,556,3.35
J-graiyPhpw,UCWv7vMbMWH4-V0ZXdmDpPBA,Programming with Mosh,9 Reasons People Hate JavaScript,2024-05-17,2024-05,Friday,27,4.75,134936,4117,357,3.32
3WphgC4wq0I,UCWv7vMbMWH4-V0ZXdmDpPBA,Programming with Mosh,Stop Wasting Time on the Wrong Languages,2024-05-10,2024-05,Friday,27,0.95,23169,1338,31,5.91
7IoNR3q2Jcc,UCWv7vMbMWH4-V0ZXdmDpPBA,Programming with Mosh,Is Coding Still Worth Learning in 2024?,2024-05-09,2024-05,Thursday,27,0.58,39227,1363,29,3.55
tdFsel6-bgo,UCWv7vMbMWH4-V0ZXdmDpPBA,Programming with Mosh,How to Get a Programming Job with No Experience,2024-05-08,2024-05,Wednesday,27,0.92,23649,1422,30,6.14
8jP78iP6zVM,UCWv7vMbMWH4-V0ZXdmDpPBA,Programming with Mosh,Do you need a college degree to be a software engineer?,2024-05-03,2024-05,Friday,27,0.72,23996,1450,31,6.17
Zl1hnNOAbFQ,UCWv7vMbMWH4-V0ZXdmDpPBA,Programming with Mosh,50 Hour Courses Are a SCAM! Here's Why...,2024-05-02,2024-05,Thursday,27,0.53,18496,975,32,5.44
cVMh0SIjp9k,UCWv7vMbMWH4-V0ZXdmDpPBA,Programming with Mosh,YouTube Tutorials Won't Get You Hired,2024-04-26,2024-04,Friday,27,0.98,21848,1455,22,6.76
iw0znRuaYL8,UCWv7vMbMWH4-V0ZXdmDpPBA,Programming with Mosh,The FASTEST Way to Learn Coding & Get a Job,2024-04-25,2024-04,Thursday,27,0.52,45728,1640,19,3.63
KkmSR7c9qLc,UCWv7vMbMWH4-V0ZXdmDpPBA,Programming with Mosh,What is Automated Testing,2024-04-23,2024-04,Tuesday,27,0.7,12152,573,2,4.73
4gX44uyGSHo,UCWv7vMbMWH4-V0ZXdmDpPBA,Programming with Mosh,Is Coding Still Worth Learning in 2024?,2024-04-17,2024-04,Wednesday,27,9.55,381847,11361,833,3.19
FW49JfEXI3E,UCWv7vMbMWH4-V0ZXdmDpPBA,Programming with Mosh,Never Leave VSCode Again!,2024-04-16,2024-04,Tuesday,27,0.57,27551,970,10,3.56
Vrtx9G9lEuM,UCWv7vMbMWH4-V0ZXdmDpPBA,Programming with Mosh,Python in 1 Minute,2024-04-13,2024-04,Saturday,27,1.0,429447,15747,100,3.69
vE7Cy5csYbQ,UCWv7vMbMWH4-V0ZXdmDpPBA,Programming with Mosh,Python in 2 Minutes!,2024-04-12,2024-04,Friday,27,1.98,103238,2749,100,2.76
nzzPMc1X_gM,UCWv7vMbMWH4-V0ZXdmDpPBA,Programming with Mosh,Mind-Blowing AI:  This Tool Clones Voices Perfectly!,2024-04-10,2024-04,Wednesday,27,0.42,12191,423,12,3.57
27YP6n6pDh0,UCWv7vMbMWH4-V0ZXdmDpPBA,Programming with Mosh,The FASTEST Way to Learn to Code & Get a Job,2024-04-09,2024-04,Tuesday,27,5.8,174251,7477,318,4.47
E9BXvDElDlw,UCWv7vMbMWH4-V0ZXdmDpPBA,Programming with Mosh,VSCode Trick: Stop Wasting Time Finding Files,2024-03-27,2024-03,Wednesday,27,0.92,23299,1164,12,5.05
-mA2HV1f4Go,UCWv7vMbMWH4-V0ZXdmDpPBA,Programming with Mosh,Endless YouTube Tutorials Are Wasting Your Time,2024-03-26,2024-03,Tuesday,27,0.98,15138,809,18,5.46
eImSRSe4JYQ,UCWv7vMbMWH4-V0ZXdmDpPBA,Programming with Mosh,💥 VSCode Trick: Instantly Find Any Code,2024-03-21,2024-03,Thursday,27,0.6,25814,1488,23,5.85
vXYIwSrDFbg,UCWv7vMbMWH4-V0ZXdmDpPBA,Programming with Mosh,Happy Nowruz!,2024-03-20,2024-03,Wednesday,27,0.23,21214,949,162,5.24
XKkoVpupYdw,UCWv7vMbMWH4-V0ZXdmDpPBA,Programming with Mosh,Is Devin AI the End (or Future) of Coding?!,2024-03-20,2024-03,Wednesday,27,8.03,485761,8549,752,1.91
tfGzvBaZAR4,UCWv7vMbMWH4-V0ZXdmDpPBA,Programming with Mosh,"Ignore the Coding Hype, Focus on What Pays",2024-03-19,2024-03,Tuesday,27,0.87,26839,2118,36,8.03
GR2fdYBQfU0,UCWv7vMbMWH4-V0ZXdmDpPBA,Programming with Mosh,She Gave Up Her Coding Dreams... Don't Make the Same Mistake!,2024-03-18,2024-03,Monday,27,0.98,19016,1221,56,6.72
jt41xX_SMtA,UCWv7vMbMWH4-V0ZXdmDpPBA,Programming with Mosh,Think JavaScript = Job? WRONG!,2024-03-15,2024-03,Friday,27,0.98,21068,1454,12,6.96
HXH4yu227EQ,UCWv7vMbMWH4-V0ZXdmDpPBA,Programming with Mosh,Will Devin AI Replace Coders?,2024-03-14,2024-03,Thursday,27,4.85,223186,8547,753,4.17
TJgFAOJsasA,UCWv7vMbMWH4-V0ZXdmDpPBA,Programming with Mosh,The #1 Thing Slowing Your Coding Progress,2024-03-13,2024-03,Wednesday,27,0.6,17920,1188,29,6.79
NJzlY_NgxDc,UCWv7vMbMWH4-V0ZXdmDpPBA,Programming with Mosh,Don't Let Ignorant CEOs Ruin Your Future (Coding Advice You Need),2024-03-12,2024-03,Tuesday,27,0.97,154454,9506,614,6.55
80FYJ9BEqxs,UCWv7vMbMWH4-V0ZXdmDpPBA,Programming with Mosh,Level Up Your Coding Game with Multi-cursor Editing,2024-03-11,2024-03,Monday,27,0.9,28512,1882,16,6.66
8Xwq35cPwYg,UCWv7vMbMWH4-V0ZXdmDpPBA,Programming with Mosh,React Testing for Beginners: Start Here!,2024-02-27,2024-02,Tuesday,27,77.23,274813,4669,193,1.77
gBNF51jchgg,UCWv7vMbMWH4-V0ZXdmDpPBA,Programming with Mosh,New Course Coming Soon! #shorts,2024-02-22,2024-02,Thursday,27,0.65,18125,1262,93,7.48
zuKbR4Q428o,UCWv7vMbMWH4-V0ZXdmDpPBA,Programming with Mosh,JavaScript Unit Testing Tutorial for Beginners,2024-01-29,2024-01,Monday,27,48.53,193435,3704,135,1.98
qngnPz_gDjo,UCWv7vMbMWH4-V0ZXdmDpPBA,Programming with Mosh,Mosh's Christmas Present to You (2023),2023-12-14,2023-12,Thursday,27,2.5,87891,1493,211,1.94
8EQshxtk-iA,UCWv7vMbMWH4-V0ZXdmDpPBA,Programming with Mosh,Mosh's Black Friday Sale (2023),2023-11-16,2023-11,Thursday,27,1.73,66297,807,127,1.41
B5Kh0kZ-gA8,UCWv7vMbMWH4-V0ZXdmDpPBA,Programming with Mosh,The Most Hated React Code!,2023-10-31,2023-10,Tuesday,27,8.2,46431,1776,114,4.07
J9sfR6HN6BY,UCWv7vMbMWH4-V0ZXdmDpPBA,Programming with Mosh,"Next.js Projects:  Build a Full-stack App with Next.js, Tailwind, Radix UI, and Prisma",2023-10-10,2023-10,Tuesday,27,93.1,224890,4576,198,2.12
ZVnjOPwW4ZA,UCWv7vMbMWH4-V0ZXdmDpPBA,Programming with Mosh,Next js Tutorial for Beginners | Nextjs 13 (App Router) with TypeScript,2023-09-11,2023-09,Monday,27,62.92,1288173,25250,669,2.01
SqcY0GlETPk,UCWv7vMbMWH4-V0ZXdmDpPBA,Programming with Mosh,React Tutorial for Beginners,2023-03-12,2023-03,Sunday,27,80.07,5799717,97324,2014,1.71
sTeoEFzVNSc,UCWv7vMbMWH4-V0ZXdmDpPBA,Programming with Mosh,ChatGPT Tutorial for Developers - 38 Ways to 10x Your Productivity,2023-01-13,2023-01,Friday,27,28.22,3624885,54565,1562,1.55
uN6JO-5GW8w,UCWv7vMbMWH4-V0ZXdmDpPBA,Programming with Mosh,Mosh's Xmas gift to you!,2022-12-20,2022-12,Tuesday,27,1.13,49498,1319,126,2.92
FhyHvFXXkbo,UCWv7vMbMWH4-V0ZXdmDpPBA,Programming with Mosh,Don't write code like John Smith!,2022-11-15,2022-11,Tuesday,27,1.42,87744,3378,230,4.11
ZzaPdXTrSb8,UCWv7vMbMWH4-V0ZXdmDpPBA,Programming with Mosh,C++ Tutorial for Beginners - Learn C++ in 1 Hour,2022-08-10,2022-08,Wednesday,27,82.93,6477522,165271,4021,2.61
d56mG7DezGs,UCWv7vMbMWH4-V0ZXdmDpPBA,Programming with Mosh,TypeScript Tutorial for Beginners,2022-05-23,2022-05,Monday,27,64.47,2044190,36372,971,1.83
HG6yIjZapSA,UCWv7vMbMWH4-V0ZXdmDpPBA,Programming with Mosh,Docker Compose Tutorial,2022-03-22,2022-03,Tuesday,27,33.03,541519,8801,441,1.71
rH0winlka8A,UCWv7vMbMWH4-V0ZXdmDpPBA,Programming with Mosh,Java Collections Tutorial,2022-03-01,2022-03,Tuesday,27,32.37,278332,4527,95,1.66
7i3Rliqzquw,UCWv7vMbMWH4-V0ZXdmDpPBA,Programming with Mosh,Java Generics Tutorial,2022-02-22,2022-02,Tuesday,27,18.2,78212,1445,55,1.92
JFuMei9Wwk4,UCWv7vMbMWH4-V0ZXdmDpPBA,Programming with Mosh,Java Interfaces Tutorial,2022-02-15,2022-02,Tuesday,27,15.7,93369,1503,63,1.68
_nmm0nZqIIY,UCWv7vMbMWH4-V0ZXdmDpPBA,Programming with Mosh,Java Exception Handling Tutorial,2022-02-08,2022-02,Tuesday,27,23.05,240674,2867,116,1.24
Sf8vefrS5PQ,UCWv7vMbMWH4-V0ZXdmDpPBA,Programming with Mosh,Mosh's New Year's Gift to You!,2022-01-10,2022-01,Monday,27,0.78,56675,1461,154,2.85
LxQe4TqDdAU,UCWv7vMbMWH4-V0ZXdmDpPBA,Programming with Mosh,Mosh's Xmas Gift (2021),2021-12-20,2021-12,Monday,27,1.22,82758,2856,311,3.83
KaVlRUvwvNk,UCWv7vMbMWH4-V0ZXdmDpPBA,Programming with Mosh,50% Off Black Friday Sale,2021-11-22,2021-11,Monday,27,0.87,105419,2837,284,2.96
rHux0gMZ3Eg,UCWv7vMbMWH4-V0ZXdmDpPBA,Programming with Mosh,Django Tutorial for Beginners – Build Powerful Backends,2021-06-28,2021-06,Monday,27,62.6,3365603,55751,2286,1.72
pTFZFxd4hOI,UCWv7vMbMWH4-V0ZXdmDpPBA,Programming with Mosh,Docker Tutorial for Beginners,2021-03-30,2021-03,Tuesday,27,56.07,3117398,51181,1462,1.69
Eo90IEphG_M,UCWv7vMbMWH4-V0ZXdmDpPBA,Programming with Mosh,Docker course is coming!,2021-03-25,2021-03,Thursday,27,0.82,46506,2015,220,4.81
qz0aGYrrlhU,UCWv7vMbMWH4-V0ZXdmDpPBA,Programming with Mosh,HTML Tutorial for Beginners: HTML Crash Course,2021-01-11,2021-01,Monday,27,69.57,10810699,235338,6419,2.24
-_X6PhkjpzU,UCWv7vMbMWH4-V0ZXdmDpPBA,Programming with Mosh,5 Front-end Development Skills to Land Your First Job,2021-01-07,2021-01,Thursday,27,9.03,1511122,65944,1100,4.44
Nb0btdq1164,UCWv7vMbMWH4-V0ZXdmDpPBA,Programming with Mosh,"Learn Web Development and Make $78,000/y",2021-01-05,2021-01,Tuesday,27,5.25,234325,11611,504,5.17
1GlJnq-24uU,UCWv7vMbMWH4-V0ZXdmDpPBA,Programming with Mosh,Mosh's Christmas Gift to You!,2020-12-22,2020-12,Tuesday,27,0.63,85357,2613,260,3.37
2ReR1YJrNOM,UCWv7vMbMWH4-V0ZXdmDpPBA,Programming with Mosh,What is Git? Explained in 2 Minutes!,2020-09-21,2020-09,Monday,27,2.67,771503,26423,452,3.48
7eh4d6sabA0,UCWv7vMbMWH4-V0ZXdmDpPBA,Programming with Mosh,Python Machine Learning Tutorial (Data Science),2020-09-17,2020-09,Thursday,27,49.72,3552379,78063,2025,2.25
kqtD5dpn9C8,UCWv7vMbMWH4-V0ZXdmDpPBA,Programming with Mosh,Python for Beginners - Learn Coding with Python in 1 Hour,2020-09-16,2020-09,Wednesday,27,60.1,24208593,550923,27613,2.39
8JJ101D3knE,UCWv7vMbMWH4-V0ZXdmDpPBA,Programming with Mosh,Git Tutorial for Beginners: Learn Git in 1 Hour,2020-09-15,2020-09,Tuesday,27,69.22,3369654,61379,1585,1.87
uxZZzmeCoLE,UCWv7vMbMWH4-V0ZXdmDpPBA,Programming with Mosh,Flutter vs React Native - Will Flutter Kill React Native?,2020-07-14,2020-07,Tuesday,27,4.83,422018,11879,952,3.04
6oFuwhIibo4,UCWv7vMbMWH4-V0ZXdmDpPBA,Programming with Mosh,What Is React Native & Why Is It So Popular?,2020-07-06,2020-07,Monday,27,4.85,265877,7931,250,3.08
nKzEJWbkPbQ,UCWv7vMbMWH4-V0ZXdmDpPBA,Programming with Mosh,Insertion Sort Algorithm Made Simple [Sorting Algorithms],2020-06-29,2020-06,Monday,27,8.43,351388,6971,173,2.03
uJLwnsLn0_Q,UCWv7vMbMWH4-V0ZXdmDpPBA,Programming with Mosh,Bubble Sort in Plain English,2020-06-22,2020-06,Monday,27,11.58,188206,4504,174,2.49
sK7WSa3s0pQ,UC_x5XG1OV2P6uZZ5FSM9Ttw,Google for Developers,Inside YC x Google DeepMind Startups Day,2026-05-08,2026-05,Friday,28,1.28,1017,21,2,2.26
E0rZ2qSQ3Sk,UC_x5XG1OV2P6uZZ5FSM9Ttw,Google for Developers,Current sleep cycle: 10% rest and 90% #GoogleIO planning. 😴,2026-05-07,2026-05,Thursday,28,0.13,5930,68,3,1.2
9VD6_082sqI,UC_x5XG1OV2P6uZZ5FSM9Ttw,Google for Developers,Why is there a Matryoshka in my code? 🪆,2026-05-06,2026-05,Wednesday,28,0.57,2668,54,1,2.06
TE79gztnxZ8,UC_x5XG1OV2P6uZZ5FSM9Ttw,Google for Developers,POV: Solving the #GoogleIO puzzle is a full time job,2026-05-05,2026-05,Tuesday,28,0.25,10864,73,2,0.69
YUmB-BnNs18,UC_x5XG1OV2P6uZZ5FSM9Ttw,Google for Developers,Add Databases to Your App with AI Studio | Vibe Coding Guide,2026-05-05,2026-05,Tuesday,28,4.95,1524,69,9,5.12
ssDbeb9vB6g,UC_x5XG1OV2P6uZZ5FSM9Ttw,Google for Developers,Does this TypeScript compile under strict mode?,2026-05-04,2026-05,Monday,28,0.55,3573,71,8,2.21
uht9BjwbuuA,UC_x5XG1OV2P6uZZ5FSM9Ttw,Google for Developers,What you can do with Gemini Embedding 2,2026-05-01,2026-05,Friday,28,1.02,14076,751,8,5.39
fdimmU2hJQ4,UC_x5XG1OV2P6uZZ5FSM9Ttw,Google for Developers,Trying to log off on Friday before you get another assignment,2026-05-01,2026-05,Friday,28,0.28,28171,218,19,0.84
1PZKfIyrYOc,UC_x5XG1OV2P6uZZ5FSM9Ttw,Google for Developers,Unlocking Low-Level Control: Customizing Keras Training Loops with JAX,2026-04-30,2026-04,Thursday,28,6.55,1843,65,2,3.64
_en7QoZ_utc,UC_x5XG1OV2P6uZZ5FSM9Ttw,Google for Developers,Building with Gemini Embedding 2: Our first natively multimodal embedding model,2026-04-30,2026-04,Thursday,28,11.25,11430,366,26,3.43
bKRe5wu4Fcw,UC_x5XG1OV2P6uZZ5FSM9Ttw,Google for Developers,"Announcing Gemma 4, Google I/O ‘26 Updates, and more! - Google Developer News April 2026",2026-04-30,2026-04,Thursday,28,5.57,9768,209,29,2.44
2ltcbA2CCTo,UC_x5XG1OV2P6uZZ5FSM9Ttw,Google for Developers,Building Voice Agents with Gemini Live API and Agora’s Conversational AI,2026-04-29,2026-04,Wednesday,28,9.4,5982,177,11,3.14
ZYeE4sYoRkw,UC_x5XG1OV2P6uZZ5FSM9Ttw,Google for Developers,Introducing Keras Recommenders: state-of-the-art recommendation techniques at your fingertips,2026-04-28,2026-04,Tuesday,28,6.67,5713,191,8,3.48
AJzxY_hhR6A,UC_x5XG1OV2P6uZZ5FSM9Ttw,Google for Developers,5 tips on keeping your code clean with Gemini,2026-04-28,2026-04,Tuesday,28,0.25,4977,137,3,2.81
eCHKCAWAnWE,UC_x5XG1OV2P6uZZ5FSM9Ttw,Google for Developers,Find the commit in the fewest commands!,2026-04-27,2026-04,Monday,28,0.58,16036,286,18,1.9
qznOtwiGudo,UC_x5XG1OV2P6uZZ5FSM9Ttw,Google for Developers,Give your Gemini Live Agent a phone number!,2026-04-24,2026-04,Friday,28,0.8,9987,214,6,2.2
TuHY331TGh4,UC_x5XG1OV2P6uZZ5FSM9Ttw,Google for Developers,That moment when you realize you’re on “Do Not Disturb”,2026-04-24,2026-04,Friday,28,0.48,12329,225,9,1.9
WYPdz3OZfuQ,UC_x5XG1OV2P6uZZ5FSM9Ttw,Google for Developers,Fireside chat on an agentic simulation: Race Condition,2026-04-23,2026-04,Thursday,28,50.58,529,12,2,2.65
m6EyN2Z7HJk,UC_x5XG1OV2P6uZZ5FSM9Ttw,Google for Developers,Explore a high-scale agentic AI-powered simulation sandbox with Gemini Enterprise Agent Platform,2026-04-23,2026-04,Thursday,28,10.48,4068,94,5,2.43
X4uePFyUpmY,UC_x5XG1OV2P6uZZ5FSM9Ttw,Google for Developers,“I’ll just fix this bug real quick!”,2026-04-23,2026-04,Thursday,28,0.2,18083,261,18,1.54
7UOxdg6hUT8,UC_x5XG1OV2P6uZZ5FSM9Ttw,Google for Developers,CLI or MCP?  How should AI agents interact with external tools?,2026-04-22,2026-04,Wednesday,28,1.7,14617,672,23,4.75
ECYKo70pPNc,UC_x5XG1OV2P6uZZ5FSM9Ttw,Google for Developers,Introducing Agents CLI in Agent Platform,2026-04-22,2026-04,Wednesday,28,4.47,13967,419,20,3.14
CfYx8FF26u8,UC_x5XG1OV2P6uZZ5FSM9Ttw,Google for Developers,Deep Research Max: A step change for autonomous research agents,2026-04-21,2026-04,Tuesday,28,3.05,91360,2530,116,2.9
EPkU9ko2o4Y,UC_x5XG1OV2P6uZZ5FSM9Ttw,Google for Developers,See the capabilities of Gemini Live in real time,2026-04-21,2026-04,Tuesday,28,0.92,12288,344,14,2.91
FCb4LSzPVmo,UC_x5XG1OV2P6uZZ5FSM9Ttw,Google for Developers,Add Telephony to a Gemini Live Agent,2026-04-21,2026-04,Tuesday,28,9.17,14182,446,21,3.29
W1gWIQp9k1Y,UC_x5XG1OV2P6uZZ5FSM9Ttw,Google for Developers,Meet DESIGN.md: A new open standard for AI-generated UI,2026-04-21,2026-04,Tuesday,28,10.27,98397,3328,118,3.5
-vGE48lXTD0,UC_x5XG1OV2P6uZZ5FSM9Ttw,Google for Developers,Do these commits still exist in the repo?,2026-04-20,2026-04,Monday,28,0.53,9629,159,20,1.86
_n9um8SYFDw,UC_x5XG1OV2P6uZZ5FSM9Ttw,Google for Developers,Build smarter voice bots with Gemini 3.1 Flash-Lite,2026-04-17,2026-04,Friday,28,1.18,12629,426,14,3.48
BMFxtwk5jp4,UC_x5XG1OV2P6uZZ5FSM9Ttw,Google for Developers,"Oh, did the #GoogleIO Livestream Schedule just drop?",2026-04-16,2026-04,Thursday,28,0.4,4826,63,2,1.35
J716eJOAnqE,UC_x5XG1OV2P6uZZ5FSM9Ttw,Google for Developers,Build a Voice-Enabled Telegram Bot with the Gemini Interactions API,2026-04-16,2026-04,Thursday,28,9.2,5259,174,9,3.48
hPHo6u33csM,UC_x5XG1OV2P6uZZ5FSM9Ttw,Google for Developers,It’s always back to Day 1 with no syntax errors.,2026-04-16,2026-04,Thursday,28,0.15,14935,138,6,0.96
1skEw28hsrw,UC_x5XG1OV2P6uZZ5FSM9Ttw,Google for Developers,How to implement Google Pay merchant-initiated transactions,2026-04-15,2026-04,Wednesday,28,4.9,1905,70,2,3.78
_UQixjbwUvE,UC_x5XG1OV2P6uZZ5FSM9Ttw,Google for Developers,Why you should attend Build with AI,2026-04-15,2026-04,Wednesday,28,0.57,7035,137,3,1.99
KPYtmPz5pbU,UC_x5XG1OV2P6uZZ5FSM9Ttw,Google for Developers,Developer Keynote (Google I/O '26) - American Sign Language,2026-04-14,2026-04,Tuesday,28,0.0,0,1,0,0.0
aqmpZocmR8o,UC_x5XG1OV2P6uZZ5FSM9Ttw,Google for Developers,Developer Keynote (Google I/O '26),2026-04-14,2026-04,Tuesday,28,0.0,0,7,0,0.0
9Bz94emGtSc,UC_x5XG1OV2P6uZZ5FSM9Ttw,Google for Developers,4 things devs should know about Gemma 4,2026-04-14,2026-04,Tuesday,28,1.42,23368,656,20,2.89
jkdvMEvG8T8,UC_x5XG1OV2P6uZZ5FSM9Ttw,Google for Developers,Give your robot a Voice with Gemini Live,2026-04-13,2026-04,Monday,28,12.63,7899,291,37,4.15
bXXCO7nspxU,UC_x5XG1OV2P6uZZ5FSM9Ttw,Google for Developers,A Git challenge: Which version ends up in the repo?,2026-04-13,2026-04,Monday,28,0.53,3919,58,18,1.94
rRwigJWuS94,UC_x5XG1OV2P6uZZ5FSM9Ttw,Google for Developers,When the warm-up routine is a little excessive.,2026-04-10,2026-04,Friday,28,0.4,13471,122,7,0.96
wIhkYnTpPs4,UC_x5XG1OV2P6uZZ5FSM9Ttw,Google for Developers,Google's ADK + MCP = The Future of AI Agents,2026-04-10,2026-04,Friday,28,14.95,4591,139,6,3.16
Igm94RIK1hY,UC_x5XG1OV2P6uZZ5FSM9Ttw,Google for Developers,What is the most underrated tool for developers?,2026-04-10,2026-04,Friday,28,0.63,15299,316,36,2.3
Y5zHHoLrvAE,UC_x5XG1OV2P6uZZ5FSM9Ttw,Google for Developers,How do AI video generation models work?,2026-04-09,2026-04,Thursday,28,11.88,7729,375,16,5.06
tnP_Q5mS1I8,UC_x5XG1OV2P6uZZ5FSM9Ttw,Google for Developers,One Design Decision to Create Better Results in Stitch,2026-04-09,2026-04,Thursday,28,23.43,49851,1985,75,4.13
HNf1DRE5NbU,UC_x5XG1OV2P6uZZ5FSM9Ttw,Google for Developers,"Testing tip for devs: Test behaviors, not methods.",2026-04-08,2026-04,Wednesday,28,1.25,7949,136,9,1.82
bc5X2iVyJc0,UC_x5XG1OV2P6uZZ5FSM9Ttw,Google for Developers,Add Gemini Live agents to your video conferencing with Fishjam,2026-04-08,2026-04,Wednesday,28,14.08,5501,182,12,3.53
F3syA3V2bYc,UC_x5XG1OV2P6uZZ5FSM9Ttw,Google for Developers,Punctuations really can showcase your personality!,2026-04-08,2026-04,Wednesday,28,0.45,12510,189,17,1.65
bBgfdmooqj0,UC_x5XG1OV2P6uZZ5FSM9Ttw,Google for Developers,3 updates to know about Google AI Studio,2026-04-07,2026-04,Tuesday,28,1.45,4793,224,10,4.88
z3cH4lRSQi8,UC_x5XG1OV2P6uZZ5FSM9Ttw,Google for Developers,What order do these four strings print in?,2026-04-06,2026-04,Monday,28,0.53,5511,70,8,1.42
b4fzrohYiwE,UC_x5XG1OV2P6uZZ5FSM9Ttw,Google for Developers,Build real-time conversational voice agents with Gemini 3,2026-04-03,2026-04,Friday,28,1.15,8867,227,11,2.68
6yjJ7Prt-RI,UC_x5XG1OV2P6uZZ5FSM9Ttw,Google for Developers,"AIventure: Learning about vibe-coding, agents and Gen AI with Gemma 4",2026-04-02,2026-04,Thursday,28,6.4,11243,311,15,2.9
jZVBoFOJK-Q,UC_x5XG1OV2P6uZZ5FSM9Ttw,Google for Developers,What’s new in Gemma 4,2026-04-02,2026-04,Thursday,28,2.87,380607,10724,472,2.94
6gMoDH3CxjU,UC_x5XG1OV2P6uZZ5FSM9Ttw,Google for Developers,"If you saw your boss’s ping, no you didn’t.",2026-04-02,2026-04,Thursday,28,0.2,13711,131,6,1.0
yyE5VGjSjT4,UC_x5XG1OV2P6uZZ5FSM9Ttw,Google for Developers,Wasn’t expecting the sign to be so on the nose.,2026-04-01,2026-04,Wednesday,28,0.12,15859,162,8,1.07
Alu4L3Pgzkw,UC_x5XG1OV2P6uZZ5FSM9Ttw,Google for Developers,Announcing ADK Go 1.0,2026-03-31,2026-03,Tuesday,28,2.85,6992,199,5,2.92
Fk2t9AG721E,UC_x5XG1OV2P6uZZ5FSM9Ttw,Google for Developers,Build real-time multimodal agents with Gemini and Pipecat,2026-03-31,2026-03,Tuesday,28,12.57,6762,216,16,3.43
gJYZE9UXiHk,UC_x5XG1OV2P6uZZ5FSM9Ttw,Google for Developers,Google AI Studio's new full-stack vibe coding experience,2026-03-30,2026-03,Monday,28,7.6,58820,234,11,0.42
YqABMjSho_M,UC_x5XG1OV2P6uZZ5FSM9Ttw,Google for Developers,ADK for Java 1.0 is now available!,2026-03-30,2026-03,Monday,28,7.83,7991,197,14,2.64
jDCkirAz4-E,UC_x5XG1OV2P6uZZ5FSM9Ttw,Google for Developers,Prototype to Production with ADK,2026-03-30,2026-03,Monday,28,45.58,3643,112,12,3.4
NPfMT7Wrfb8,UC_x5XG1OV2P6uZZ5FSM9Ttw,Google for Developers,What does that setTimeout call actually log — and what happened to this? Go!,2026-03-30,2026-03,Monday,28,0.6,4755,78,16,1.98
XKZYUhwdsR4,UC_x5XG1OV2P6uZZ5FSM9Ttw,Google for Developers,Build real-time agents with Gemini 3.1 Flash Live!,2026-03-27,2026-03,Friday,28,0.33,28119,266,7,0.97
8lA6bF2EnvA,UC_x5XG1OV2P6uZZ5FSM9Ttw,Google for Developers,Automate Product Listings with Gemini + Vision Agents,2026-03-27,2026-03,Friday,28,10.62,9680,297,13,3.2
P8usv4eQM_w,UC_x5XG1OV2P6uZZ5FSM9Ttw,Google for Developers,Vibe designing with Stitch: create designs from natural language,2026-03-26,2026-03,Thursday,28,1.12,8153,184,7,2.34
tj8ggd8UvB0,UC_x5XG1OV2P6uZZ5FSM9Ttw,Google for Developers,Building LiveKit Agents with Gemini Live API,2026-03-26,2026-03,Thursday,28,11.65,8206,369,23,4.78
XV5bhkDpL7U,UC_x5XG1OV2P6uZZ5FSM9Ttw,Google for Developers,Building Voice Agents with Gemini 3,2026-03-26,2026-03,Thursday,28,23.92,21829,643,30,3.08
2W1yuFLVTPE,UC_x5XG1OV2P6uZZ5FSM9Ttw,Google for Developers,Coding agent still making plans in markdown files? Beads can help.,2026-03-25,2026-03,Wednesday,28,0.9,10218,176,3,1.75
wTwgaoG6qjc,UC_x5XG1OV2P6uZZ5FSM9Ttw,Google for Developers,The tone in the “I don’t know” makes a difference.,2026-03-25,2026-03,Wednesday,28,0.23,13232,119,8,0.96
kXIgLG9INQU,UC_x5XG1OV2P6uZZ5FSM9Ttw,Google for Developers,What will the final count log show in Javascript? And why? Go!,2026-03-23,2026-03,Monday,28,0.5,6074,97,7,1.71
Z87vZFYC7hc,UC_x5XG1OV2P6uZZ5FSM9Ttw,Google for Developers,How to build a full-stack app with Supabase and Stripe on Google AI Studio,2026-03-20,2026-03,Friday,28,8.35,2819,105,9,4.04
oladCrY8A4g,UC_x5XG1OV2P6uZZ5FSM9Ttw,Google for Developers,"Google AI Studio Build: upgraded agent, full stack runtime & Firebase support",2026-03-19,2026-03,Thursday,28,0.85,9487,253,17,2.85
9NN0f_8HHLM,UC_x5XG1OV2P6uZZ5FSM9Ttw,Google for Developers,Idk “refactoring later” sounds like a good plan 🤘,2026-03-19,2026-03,Thursday,28,1.12,6726,196,12,3.09
HwZzsgdTO9Y,UC_x5XG1OV2P6uZZ5FSM9Ttw,Google for Developers,"At the club, we’re still debugging code.",2026-03-17,2026-03,Tuesday,28,0.13,9412,142,14,1.66
xMzPyRf5snY,UC_x5XG1OV2P6uZZ5FSM9Ttw,Google for Developers,Can you beat Python's brevity while keeping it efficient? Go!,2026-03-16,2026-03,Monday,28,0.65,8043,140,8,1.84
tqOFSI_47aA,UC_x5XG1OV2P6uZZ5FSM9Ttw,Google for Developers,"If you develop for Android, you’re ready to build for glasses. 👓",2026-03-13,2026-03,Friday,28,0.67,5979,105,3,1.81
P3x83uVnxsI,UC_x5XG1OV2P6uZZ5FSM9Ttw,Google for Developers,“We’ll make the deadline somehow!” 🫠,2026-03-13,2026-03,Friday,28,0.12,26007,232,6,0.92
aFbb9tceUYI,UC_x5XG1OV2P6uZZ5FSM9Ttw,Google for Developers,What devs need to know about Android Bench,2026-03-12,2026-03,Thursday,28,2.02,11771,192,9,1.71
ndOI_9TPsPo,UC_x5XG1OV2P6uZZ5FSM9Ttw,Google for Developers,Different day. Same sentiment.,2026-03-12,2026-03,Thursday,28,0.17,40196,483,22,1.26
QP9Nd-3Cfp8,UC_x5XG1OV2P6uZZ5FSM9Ttw,Google for Developers,Why you should group related parameters,2026-03-11,2026-03,Wednesday,28,1.18,14536,402,16,2.88
3hZNjc1VSBA,UC_x5XG1OV2P6uZZ5FSM9Ttw,Google for Developers,“Can you review my code? 🥺”,2026-03-11,2026-03,Wednesday,28,0.52,53585,535,14,1.02
50vObPjISww,UC_x5XG1OV2P6uZZ5FSM9Ttw,Google for Developers,Solve this JavaScript code golf challenge: write a function that replaces variables in a string. Go!,2026-03-09,2026-03,Monday,28,0.63,4606,69,6,1.63
DF9cvunST58,UC_x5XG1OV2P6uZZ5FSM9Ttw,Google for Developers,Keras Tutorial: Checkpointing distributed models with Orbax,2026-03-06,2026-03,Friday,28,7.57,2212,59,3,2.8
4BrU7SKUtvU,UC_x5XG1OV2P6uZZ5FSM9Ttw,Google for Developers,From the news desk 📰: How to generate music with Lyria 3,2026-03-05,2026-03,Thursday,28,1.0,2976,42,4,1.55
EMdyDPKrJ3Q,UC_x5XG1OV2P6uZZ5FSM9Ttw,Google for Developers,"Keras 3 Distributed Training: Scaling Models with JAX using DataParallel, and ModelParallel",2026-03-04,2026-03,Wednesday,28,6.85,2594,86,9,3.66
qcM3tdB6H0o,UC_x5XG1OV2P6uZZ5FSM9Ttw,Google for Developers,How to Use the Gemini Batch API for Processing Large Datasets,2026-03-02,2026-03,Monday,28,2.82,3446,71,9,2.32
6I_ZouN3dMM,UC_x5XG1OV2P6uZZ5FSM9Ttw,Google for Developers,Can you beat Python's character count while staying readable? Go!,2026-03-02,2026-03,Monday,28,0.68,8720,156,8,1.88
QCjBI3yRirs,UC_x5XG1OV2P6uZZ5FSM9Ttw,Google for Developers,Who is the code saboteur? 🤔,2026-02-27,2026-02,Friday,28,1.7,4365,91,7,2.25
uWfHBVdi040,UC_x5XG1OV2P6uZZ5FSM9Ttw,Google for Developers,3 things you should know about Gemini 3.1 Pro (as a dev),2026-02-26,2026-02,Thursday,28,1.12,9758,183,11,1.99
qKSI6S151dA,UC_x5XG1OV2P6uZZ5FSM9Ttw,Google for Developers,Office POV: The #GoogleIO save the date just dropped,2026-02-26,2026-02,Thursday,28,0.4,7946,74,7,1.02
55X1Nh_oEP0,UC_x5XG1OV2P6uZZ5FSM9Ttw,Google for Developers,"Oh, ok. I guess we won’t film in here.",2026-02-25,2026-02,Wednesday,28,0.23,12968,98,6,0.8
HgTwHGG9vnU,UC_x5XG1OV2P6uZZ5FSM9Ttw,Google for Developers,The power of The Ralph Loop,2026-02-24,2026-02,Tuesday,28,1.2,15196,384,8,2.58
egtem2SkpIg,UC_x5XG1OV2P6uZZ5FSM9Ttw,Google for Developers,why does this query run and return the wrong result? Go!,2026-02-23,2026-02,Monday,28,0.68,5806,84,6,1.55
cHf77OKXvIU,UC_x5XG1OV2P6uZZ5FSM9Ttw,Google for Developers,Google Home: AI Tools Tips & Tricks,2026-02-21,2026-02,Saturday,28,0.95,4459,86,3,2.0
HFEIEVbIpLg,UC_x5XG1OV2P6uZZ5FSM9Ttw,Google for Developers,Google Home: AI Tools Tips & Tricks,2026-02-20,2026-02,Friday,28,6.48,3314,109,7,3.5
3tVLhRyojA0,UC_x5XG1OV2P6uZZ5FSM9Ttw,Google for Developers,Home APIs Knowledge Base for Gemini,2026-02-20,2026-02,Friday,28,0.75,3841,53,0,1.38
2bBPabaalbk,UC_x5XG1OV2P6uZZ5FSM9Ttw,Google for Developers,Home APIs Knowledge Base for Gemini,2026-02-20,2026-02,Friday,28,5.12,3080,96,2,3.18
dv0RrIZLdXU,UC_x5XG1OV2P6uZZ5FSM9Ttw,Google for Developers,Get ready for #GoogleIO 🏋️,2026-02-19,2026-02,Thursday,28,0.7,6696,103,10,1.69
NxJDxKOQ8cU,UC_x5XG1OV2P6uZZ5FSM9Ttw,Google for Developers,Google Home APIs Developer Challenge Recap,2026-02-19,2026-02,Thursday,28,0.68,3309,52,0,1.57
NdA_uRFm7Ok,UC_x5XG1OV2P6uZZ5FSM9Ttw,Google for Developers,Google Home APIs Developer Challenge Recap,2026-02-19,2026-02,Thursday,28,2.32,1996,75,1,3.81
mQUpaaU02DM,UC_x5XG1OV2P6uZZ5FSM9Ttw,Google for Developers,"Inside Lyria 3, Google's music generation model",2026-02-18,2026-02,Wednesday,28,36.62,12800,423,67,3.83
xNW_0F8JT3U,UC_x5XG1OV2P6uZZ5FSM9Ttw,Google for Developers,"Project Genie, #GoogleIO, and more! - Google Developer News February 2026",2026-02-18,2026-02,Wednesday,28,6.58,5807,237,8,4.22
mphShv2MJcY,UC_x5XG1OV2P6uZZ5FSM9Ttw,Google for Developers,"Google AI Studio: Account setup, rate limits & usage tracking",2026-02-14,2026-02,Saturday,28,1.78,8919,167,17,2.06
Lkyr4k0qmF4,UC8butISFwT-Wl7EV0hUK0BQ,freeCodeCamp.org,Why big apps choose web over native,2026-05-10,2026-05,Sunday,28,0.82,1376,9,0,0.65
UH2XXGPh0N0,UC8butISFwT-Wl7EV0hUK0BQ,freeCodeCamp.org,Apple's first logo was...complicated,2026-05-09,2026-05,Saturday,28,0.72,9657,81,2,0.86
wDLdDaGR8S4,UC8butISFwT-Wl7EV0hUK0BQ,freeCodeCamp.org,"Learning ""just in time"" is a lot easier than it used to be. Swyx talks about why.",2026-05-08,2026-05,Friday,28,0.78,4847,31,0,0.64
oGO7IKO8HNE,UC8butISFwT-Wl7EV0hUK0BQ,freeCodeCamp.org,"Spatial computing might seem like something from the future, but it's not really...",2026-05-07,2026-05,Thursday,28,1.0,2720,24,1,0.92
HNVaYYxmwLU,UC8butISFwT-Wl7EV0hUK0BQ,freeCodeCamp.org,Open Models Coding Essentials – Running LLMs Locally and in the Cloud Course,2026-05-07,2026-05,Thursday,27,137.47,26591,1213,30,4.67
ooYKMPlIlwQ,UC8butISFwT-Wl7EV0hUK0BQ,freeCodeCamp.org,So what's CodePen 2.0? Why is it better? Chris Coyier tells you all about it.,2026-05-06,2026-05,Wednesday,28,0.97,4089,31,1,0.78
9liqUfS69co,UC8butISFwT-Wl7EV0hUK0BQ,freeCodeCamp.org,Become the best at what you love doing. That'll get employers to notice you.,2026-05-05,2026-05,Tuesday,28,0.8,3197,43,2,1.41
jzOy07fw2vY,UC8butISFwT-Wl7EV0hUK0BQ,freeCodeCamp.org,JavaScript Event Loop & Asynchronous Programming,2026-05-05,2026-05,Tuesday,27,46.38,22337,1182,36,5.45
r8k4VI8XZ_k,UC8butISFwT-Wl7EV0hUK0BQ,freeCodeCamp.org,YouTube was almost a very different site...,2026-05-04,2026-05,Monday,28,0.68,15633,125,3,0.82
WKdFAS78sgU,UC8butISFwT-Wl7EV0hUK0BQ,freeCodeCamp.org,"Quick tip from Homebrew project leader Mike McQuaid: downtime is important. Simple, right?",2026-05-03,2026-05,Sunday,28,0.15,13414,135,2,1.02
WFxh3ybr-Pc,UC8butISFwT-Wl7EV0hUK0BQ,freeCodeCamp.org,"Avoid shortcuts, be honest about where you are, and learn for yourself.",2026-05-02,2026-05,Saturday,28,0.97,24837,299,2,1.21
4nQt1FHaoqg,UC8butISFwT-Wl7EV0hUK0BQ,freeCodeCamp.org,Getting code to do what you want it to do is only a small fraction of the job,2026-05-01,2026-05,Friday,28,0.7,6659,73,0,1.1
GmtOxMl39Tc,UC8butISFwT-Wl7EV0hUK0BQ,freeCodeCamp.org,"Stanford's youngest instructor on InfoSec, AI, catching cheaters - Rachel Fernandez [Podcast #217]",2026-05-01,2026-05,Friday,27,78.65,11127,242,24,2.39
Ox-uvxRQXf4,UC8butISFwT-Wl7EV0hUK0BQ,freeCodeCamp.org,What is Agentic AI and how does it work? Ania explains here.,2026-04-30,2026-04,Thursday,28,1.12,6769,68,3,1.05
yG-bGpD38Rw,UC8butISFwT-Wl7EV0hUK0BQ,freeCodeCamp.org,"If you suddenly lost all your programming knowledge, what should you focus on learning today?",2026-04-29,2026-04,Wednesday,28,0.87,12802,123,0,0.96
wApaJjvNZFs,UC8butISFwT-Wl7EV0hUK0BQ,freeCodeCamp.org,Inside Stanford's Elite Student Hackathon (Full Documentary on TreeHacks 2026),2026-04-29,2026-04,Wednesday,27,102.38,102239,2956,140,3.03
4m9j6hlbf4g,UC8butISFwT-Wl7EV0hUK0BQ,freeCodeCamp.org,"IT Fundamentals Course – Hardware, Cloud, DevOps, Networking, Security, Databases, DNS, Git, Linux",2026-04-28,2026-04,Tuesday,27,782.18,139517,7827,164,5.73
oHAiHuEVo8A,UC8butISFwT-Wl7EV0hUK0BQ,freeCodeCamp.org,Hot take from the fCC podcast: Use LLMs but don't treat them as a silver bullet.,2026-04-28,2026-04,Tuesday,28,0.95,6062,65,0,1.07
38-3cShsQBc,UC8butISFwT-Wl7EV0hUK0BQ,freeCodeCamp.org,We all know AI can be...divisive. Justin lays out a key reason why in his chat with Quincy.,2026-04-27,2026-04,Monday,28,0.97,8423,87,1,1.04
OnLdZrMcgGU,UC8butISFwT-Wl7EV0hUK0BQ,freeCodeCamp.org,"Ah, the age-old question. Who can relate?",2026-04-26,2026-04,Sunday,28,0.08,3959,29,0,0.73
udA06kmorT0,UC8butISFwT-Wl7EV0hUK0BQ,freeCodeCamp.org,"Test-driven development is helpful, but it misses the mark in certain key areas",2026-04-25,2026-04,Saturday,28,1.0,4358,54,3,1.31
XKOR4h3CrwE,UC8butISFwT-Wl7EV0hUK0BQ,freeCodeCamp.org,Gemini CLI Essentials – Full Course,2026-04-24,2026-04,Friday,27,229.67,34391,853,33,2.58
SuJOQ_WeGEA,UC8butISFwT-Wl7EV0hUK0BQ,freeCodeCamp.org,How does an API work? Ania explains it simply here.,2026-04-24,2026-04,Friday,28,1.18,6022,50,3,0.88
tLsoelNl3To,UC8butISFwT-Wl7EV0hUK0BQ,freeCodeCamp.org,Sliding Window Algorithm for Tech Interviews - Full Course,2026-04-23,2026-04,Thursday,27,106.78,26127,900,21,3.53
8wGw-7yHPl0,UC8butISFwT-Wl7EV0hUK0BQ,freeCodeCamp.org,"If you're a junior developer, Swyx explains how you need to step up",2026-04-23,2026-04,Thursday,28,0.65,9519,98,1,1.04
KaKcLgj5GCc,UC8butISFwT-Wl7EV0hUK0BQ,freeCodeCamp.org,Tired of switching between C# for the back end and JS for the front end?,2026-04-22,2026-04,Wednesday,28,1.28,9668,106,0,1.1
ozWrlHQGuvI,UC8butISFwT-Wl7EV0hUK0BQ,freeCodeCamp.org,3D Web Development with Blender and Three.js – Create a Cozy Café Portfolio,2026-04-22,2026-04,Wednesday,27,324.47,41307,1835,45,4.55
8j6C-3FooN8,UC8butISFwT-Wl7EV0hUK0BQ,freeCodeCamp.org,"In learning, information often isn't the issue. It's knowing what's useful, and what feels wrong.",2026-04-21,2026-04,Tuesday,28,0.67,4613,43,1,0.95
-leIp449qXA,UC8butISFwT-Wl7EV0hUK0BQ,freeCodeCamp.org,Automate Your Life in 4 hours – Agent and Automation Zapier Course,2026-04-21,2026-04,Tuesday,27,240.95,49225,1692,49,3.54
6XORL8Bsm9w,UC8butISFwT-Wl7EV0hUK0BQ,freeCodeCamp.org,Here's a little Monday Motivation for you.,2026-04-20,2026-04,Monday,28,0.12,6337,49,1,0.79
F-d5DyFo3Cg,UC8butISFwT-Wl7EV0hUK0BQ,freeCodeCamp.org,What motivates people to keep contributing to open source projects?,2026-04-19,2026-04,Sunday,28,0.48,3831,31,0,0.81
04LPpj7lQlA,UC8butISFwT-Wl7EV0hUK0BQ,freeCodeCamp.org,"Software itself has no value. It's the solutions that are valuable, and that will sell.",2026-04-18,2026-04,Saturday,28,0.8,5356,51,1,0.97
xGW-g1KIU9M,UC8butISFwT-Wl7EV0hUK0BQ,freeCodeCamp.org,"If you're job hunting, build software that removes friction from your own work",2026-04-17,2026-04,Friday,28,0.95,8413,76,4,0.95
pxMUG3gcoik,UC8butISFwT-Wl7EV0hUK0BQ,freeCodeCamp.org,How to friction-max your learning with software engineer Jessica Rose [Podcast #216],2026-04-17,2026-04,Friday,27,52.82,14185,323,21,2.43
-S4uCYU47LA,UC8butISFwT-Wl7EV0hUK0BQ,freeCodeCamp.org,Joke of the day. Do you get it?,2026-04-16,2026-04,Thursday,28,0.08,17830,38,3,0.23
C842vFY5kRo,UC8butISFwT-Wl7EV0hUK0BQ,freeCodeCamp.org,"System Design Course – APIs, Databases, Caching, CDNs, Load Balancing & Production Infra",2026-04-16,2026-04,Thursday,27,125.37,255889,10966,123,4.33
A84bznMx89A,UC8butISFwT-Wl7EV0hUK0BQ,freeCodeCamp.org,Why repeat business is so important for freelancers,2026-04-15,2026-04,Wednesday,28,0.98,3727,19,0,0.51
6gKAC9cWNZQ,UC8butISFwT-Wl7EV0hUK0BQ,freeCodeCamp.org,"When it comes to vibe coding, Chris asks: is it for a program or a product?",2026-04-14,2026-04,Tuesday,28,0.77,6173,63,0,1.02
u-Jl7bzab8A,UC8butISFwT-Wl7EV0hUK0BQ,freeCodeCamp.org,Codex Essentials – AI Assisted Agentic Development Course,2026-04-14,2026-04,Tuesday,27,274.95,36970,1012,47,2.86
-jTrzdO-6i4,UC8butISFwT-Wl7EV0hUK0BQ,freeCodeCamp.org,Recursion is a key concept in coding. Gavin explains it simply here.,2026-04-13,2026-04,Monday,28,1.9,21996,184,0,0.84
8tkXb5Wj4s0,UC8butISFwT-Wl7EV0hUK0BQ,freeCodeCamp.org,"""Oh, so this is what people mean by 'focus'!""",2026-04-12,2026-04,Sunday,28,0.95,2710,32,4,1.33
hmA8gOvH4AY,UC8butISFwT-Wl7EV0hUK0BQ,freeCodeCamp.org,What has learning to code taught you...?,2026-04-11,2026-04,Saturday,28,0.07,7776,38,0,0.49
XSxRY1666nA,UC8butISFwT-Wl7EV0hUK0BQ,freeCodeCamp.org,Bangladesh's thriving developer scene is full of beginners who are truly passionate about learning,2026-04-10,2026-04,Friday,28,0.73,8489,54,2,0.66
Tb6oaEkxtp8,UC8butISFwT-Wl7EV0hUK0BQ,freeCodeCamp.org,How to learn programming and CS in the AI hype era – interview with prof Mark Mahoney [Podcast #215],2026-04-10,2026-04,Friday,27,76.1,28928,845,75,3.18
TDUrGO9O_ro,UC8butISFwT-Wl7EV0hUK0BQ,freeCodeCamp.org,Git push -f? Uh huh...,2026-04-09,2026-04,Thursday,28,0.08,7290,24,3,0.37
SqQUQHdYWyc,UC8butISFwT-Wl7EV0hUK0BQ,freeCodeCamp.org,CUDA Programming for NVIDIA H100s – Comprehensive Course,2026-04-09,2026-04,Thursday,27,0.0,65867,2299,86,3.62
Dg5KwM2ndMg,UC8butISFwT-Wl7EV0hUK0BQ,freeCodeCamp.org,The magic of web dev: continuously and quickly improving your project. No waiting required.,2026-04-08,2026-04,Wednesday,28,0.9,5127,42,0,0.82
k-yDYgc8AmU,UC8butISFwT-Wl7EV0hUK0BQ,freeCodeCamp.org,Learn Drone Programming with Python – Tutorial,2026-04-07,2026-04,Tuesday,27,107.68,134845,5319,188,4.08
cmLlI2XqsVs,UC8butISFwT-Wl7EV0hUK0BQ,freeCodeCamp.org,Learn how to render elements into your scenes in Three.js,2026-04-07,2026-04,Tuesday,28,0.5,23844,96,2,0.41
pRcITcZ4laM,UC8butISFwT-Wl7EV0hUK0BQ,freeCodeCamp.org,"If you want to make social media work for you, focus on building true connections",2026-04-06,2026-04,Monday,28,0.52,6305,43,0,0.68
T8PMKaNP_UA,UC8butISFwT-Wl7EV0hUK0BQ,freeCodeCamp.org,"To keep clients: Do what you promise, communicate clearly, listen closely, and show you really care",2026-04-05,2026-04,Sunday,28,0.92,6873,33,1,0.49
gM2Ra8GpGuU,UC8butISFwT-Wl7EV0hUK0BQ,freeCodeCamp.org,Why was the developer unhappy at their job...?,2026-04-04,2026-04,Saturday,28,0.22,8635,47,2,0.57
gLm8i6ryFmA,UC8butISFwT-Wl7EV0hUK0BQ,freeCodeCamp.org,"When you're trying to learn a new deep skill, a structured approach is everything.",2026-04-03,2026-04,Friday,28,1.23,19755,153,1,0.78
ajIss2t5FxM,UC8butISFwT-Wl7EV0hUK0BQ,freeCodeCamp.org,"Lessons from 15,031 hours of coding live on Twitch with Chris Griffing [Podcast #214]",2026-04-03,2026-04,Friday,27,78.75,14278,319,29,2.44
zJHXDuUzFkc,UC8butISFwT-Wl7EV0hUK0BQ,freeCodeCamp.org,The Bad Website Club bootcamp is back - and they're going through fCC's RWD cert,2026-04-02,2026-04,Thursday,28,0.77,13878,72,3,0.54
Q4reYv2-t4g,UC8butISFwT-Wl7EV0hUK0BQ,freeCodeCamp.org,"How streaming works in Next.js, explained with a simple example",2026-04-02,2026-04,Thursday,28,0.72,13267,115,3,0.89
wYx9Q6dcJCw,UC8butISFwT-Wl7EV0hUK0BQ,freeCodeCamp.org,SaaS Marketing for Developers – Automate Sales Tasks with AI,2026-04-02,2026-04,Thursday,27,39.62,38188,1348,44,3.65
ADAtpF-0gTw,UC8butISFwT-Wl7EV0hUK0BQ,freeCodeCamp.org,Joke of the day: Why do programmers prefer dark mode?,2026-04-01,2026-04,Wednesday,28,0.08,3335,27,4,0.93
5e9J47H9EFE,UC8butISFwT-Wl7EV0hUK0BQ,freeCodeCamp.org,"If you can contribute to an open source project and collaborate with others, you can work anywhere",2026-03-31,2026-03,Tuesday,28,0.82,11935,65,0,0.54
wlpBCazAY9Q,UC8butISFwT-Wl7EV0hUK0BQ,freeCodeCamp.org,"AI-Assisted Coding Tutorial – OpenClaw, GitHub Copilot, Claude Code, CodeRabbit, Gemini CLI",2026-03-31,2026-03,Tuesday,27,85.43,157649,4739,127,3.09
1Z-8HxlLAHk,UC8butISFwT-Wl7EV0hUK0BQ,freeCodeCamp.org,Kids and young people: stay curious and be willing to engage with others,2026-03-30,2026-03,Monday,28,0.52,4100,30,0,0.73
ehkDsePv3W8,UC8butISFwT-Wl7EV0hUK0BQ,freeCodeCamp.org,Here's a cool and easy way to work with colors in your Three.js projects,2026-03-29,2026-03,Sunday,28,0.23,2607,32,1,1.27
uWRdzJTpcpI,UC8butISFwT-Wl7EV0hUK0BQ,freeCodeCamp.org,Do web devs NEED to understand low-level programming concepts? Chris doesn't think so...,2026-03-28,2026-03,Saturday,28,0.9,11795,70,2,0.61
GC5CLCgnvm0,UC8butISFwT-Wl7EV0hUK0BQ,freeCodeCamp.org,"When things are new and a little scary, embracing a beginner's mindset can help",2026-03-27,2026-03,Friday,28,0.97,8497,54,1,0.65
tZef2ZzbyuQ,UC8butISFwT-Wl7EV0hUK0BQ,freeCodeCamp.org,What happens when the model CAN'T fix it? Interview w/ software engineer Landon Gray [Podcast #213],2026-03-27,2026-03,Friday,27,92.68,10923,247,13,2.38
GMytb7LNGOI,UC8butISFwT-Wl7EV0hUK0BQ,freeCodeCamp.org,Learn a bit about camera position in Three.js,2026-03-26,2026-03,Thursday,28,0.45,28740,143,1,0.5
tchN4xa4pfg,UC8butISFwT-Wl7EV0hUK0BQ,freeCodeCamp.org,AI Foundations for Absolute Beginners,2026-03-26,2026-03,Thursday,27,52.6,68815,2485,70,3.71
x9oi7CG_i7E,UC8butISFwT-Wl7EV0hUK0BQ,freeCodeCamp.org,A great novel can be written in any language - just like great programs.,2026-03-25,2026-03,Wednesday,28,0.4,6401,45,2,0.73
R8h_gpSpEVU,UC8butISFwT-Wl7EV0hUK0BQ,freeCodeCamp.org,Deploying AI Models with Hugging Face – Hands-On Course,2026-03-25,2026-03,Wednesday,27,413.23,43176,1511,33,3.58
CkbIIjplUvs,UC8butISFwT-Wl7EV0hUK0BQ,freeCodeCamp.org,Have you ever heard of G-Code? Here's a quick explainer of what it is.,2026-03-24,2026-03,Tuesday,28,0.15,15357,81,3,0.55
H_3sWUR9v7A,UC8butISFwT-Wl7EV0hUK0BQ,freeCodeCamp.org,"LLMs haven't really gotten ""smarter"" - but the tools we use with them have",2026-03-23,2026-03,Monday,28,0.97,16783,90,0,0.54
brLhhkUqcn4,UC8butISFwT-Wl7EV0hUK0BQ,freeCodeCamp.org,Claude Code Essentials,2026-03-23,2026-03,Monday,27,740.17,364559,12770,348,3.6
TnBI8_6tmKg,UC8butISFwT-Wl7EV0hUK0BQ,freeCodeCamp.org,Learn how to set a scene in Three.js,2026-03-22,2026-03,Sunday,28,0.43,14735,60,1,0.41
xtGThMTO9rI,UC8butISFwT-Wl7EV0hUK0BQ,freeCodeCamp.org,Learning a new skill in your native language can be so powerful - and Sumit explains why,2026-03-21,2026-03,Saturday,28,0.92,13642,134,1,0.99
uJrh9GHrC38,UC8butISFwT-Wl7EV0hUK0BQ,freeCodeCamp.org,The world still needs people who care - CodePen founder Chris Coyier interview [Podcast #212],2026-03-20,2026-03,Friday,27,78.75,16103,311,10,1.99
H3i9DGnMxWQ,UC8butISFwT-Wl7EV0hUK0BQ,freeCodeCamp.org,How do you find the balance between too much and too little in code and process reviews?,2026-03-20,2026-03,Friday,28,0.98,5856,29,0,0.5
v7Butot2fHY,UC8butISFwT-Wl7EV0hUK0BQ,freeCodeCamp.org,How to get started using Three.js,2026-03-19,2026-03,Thursday,28,0.55,23201,128,1,0.56
jydYq7oAtD8,UC8butISFwT-Wl7EV0hUK0BQ,freeCodeCamp.org,"Software Testing Course – Playwright, E2E, and AI Agents",2026-03-19,2026-03,Thursday,27,63.52,69745,2259,60,3.32
BiA08jfr4RU,UC8butISFwT-Wl7EV0hUK0BQ,freeCodeCamp.org,"19 Web Dev Projects – HTML, CSS, JavaScript Tutorial",2026-03-18,2026-03,Wednesday,27,720.32,107686,4509,122,4.3
VWcCVKaN2vA,UC8butISFwT-Wl7EV0hUK0BQ,freeCodeCamp.org,Learn the basics of LLMs in 60 seconds with Beau Carnes,2026-03-18,2026-03,Wednesday,28,0.92,122146,1863,19,1.54
WTw6NZDZ5mQ,UC8butISFwT-Wl7EV0hUK0BQ,freeCodeCamp.org,"Build an E-Commerce Web App with Paystack, NextJS, Supabase",2026-03-17,2026-03,Tuesday,27,450.98,32230,1122,22,3.55
Fd4XR_EkDHc,UC8butISFwT-Wl7EV0hUK0BQ,freeCodeCamp.org,"How JavaScript evolved to be able to handle more complexity, explained by Evan You",2026-03-17,2026-03,Tuesday,28,0.92,1490,28,0,1.88
NWONA48L6_w,UC8butISFwT-Wl7EV0hUK0BQ,freeCodeCamp.org,How to use the .rotateY() method in Three.js to make your 3D objects spin,2026-03-16,2026-03,Monday,28,0.28,5672,39,0,0.69
NCfxtLZQSzA,UC8butISFwT-Wl7EV0hUK0BQ,freeCodeCamp.org,"As a freelance dev, treat every email or phone call as if it could become 10 more",2026-03-15,2026-03,Sunday,28,0.5,5171,43,0,0.83
zDVWehHdkHE,UC8butISFwT-Wl7EV0hUK0BQ,freeCodeCamp.org,How to use the .position() method in Three.js for perfect object placement,2026-03-14,2026-03,Saturday,28,0.33,10381,54,0,0.52
7yruIW4NvEQ,UC8butISFwT-Wl7EV0hUK0BQ,freeCodeCamp.org,Sometimes you have to re-evaluate decisions you made 5 years (or 5 months!) ago in your codebase,2026-03-13,2026-03,Friday,28,0.77,10049,50,0,0.5
IRcL5as-RaE,UC8butISFwT-Wl7EV0hUK0BQ,freeCodeCamp.org,How to Land Freelance Clients with Small Business Whisperer Luke Ciciliano [Podcast #211],2026-03-13,2026-03,Friday,27,107.5,14653,398,21,2.86
PiflojewvfU,UC8butISFwT-Wl7EV0hUK0BQ,freeCodeCamp.org,How to use the .add() method in Three.js,2026-03-12,2026-03,Thursday,28,0.3,7733,47,0,0.61
lnycGFq8JQI,UC8butISFwT-Wl7EV0hUK0BQ,freeCodeCamp.org,Our brains need to relax sometime - so find a way that works for you,2026-03-11,2026-03,Wednesday,28,0.38,11660,65,4,0.59
uHNOqKdqQas,UC8butISFwT-Wl7EV0hUK0BQ,freeCodeCamp.org,CI/CD in Production with Jenkins – Complete DevOps Course,2026-03-11,2026-03,Wednesday,27,1054.15,66475,2349,95,3.68
CcrC5zSv1iA,UC8butISFwT-Wl7EV0hUK0BQ,freeCodeCamp.org,"LLM Fine-Tuning Course – From Supervised FT to RLHF, LoRA, and Multimodal",2026-03-10,2026-03,Tuesday,27,716.43,63087,2151,58,3.5
E2oyLZVBcQw,UC8butISFwT-Wl7EV0hUK0BQ,freeCodeCamp.org,"Why JavaScript is a ""glue"" language",2026-03-10,2026-03,Tuesday,28,0.6,17842,134,4,0.77
0XMdbWy2j1w,UC8butISFwT-Wl7EV0hUK0BQ,freeCodeCamp.org,Can you guess what this is? Wrong answers only!,2026-03-09,2026-03,Monday,28,0.1,7421,22,0,0.3
ldkfMvE36FI,UC8butISFwT-Wl7EV0hUK0BQ,freeCodeCamp.org,How to handle being thrown into an existing codebase and being expected to figure it out,2026-03-08,2026-03,Sunday,28,0.75,5349,39,1,0.75
jie_039IekA,UC8butISFwT-Wl7EV0hUK0BQ,freeCodeCamp.org,"Why you shouldn't chase people to get what you need from them - info, payment, etc.",2026-03-07,2026-03,Saturday,28,0.98,3327,26,0,0.78
mrRfPVm9nAY,UC8butISFwT-Wl7EV0hUK0BQ,freeCodeCamp.org,Learn the basics of Data Structures in 60 seconds with Beau Carnes.,2026-03-06,2026-03,Friday,28,0.83,77029,1056,5,1.38
hP931079TMw,UC8butISFwT-Wl7EV0hUK0BQ,freeCodeCamp.org,There are 2 kinds of devs. One of them is screwed. Justin Searls interview [Podcast #210],2026-03-06,2026-03,Friday,27,89.57,15850,335,52,2.44
tVskbekONlw,UC8butISFwT-Wl7EV0hUK0BQ,freeCodeCamp.org,Learn MLOps with MLflow and Databricks – Full Course for Machine Learning Engineers,2026-03-05,2026-03,Thursday,27,327.78,47001,1601,39,3.49
OGRyln02De4,UC8butISFwT-Wl7EV0hUK0BQ,freeCodeCamp.org,Sometimes breaking your code and figuring out how to fix it is the best way to understand it,2026-03-05,2026-03,Thursday,28,1.0,5389,57,1,1.08
cw02dMpWStI,UC8butISFwT-Wl7EV0hUK0BQ,freeCodeCamp.org,How to find good open source projects to contribute to - from Tapas Adhikary,2026-03-04,2026-03,Wednesday,28,0.77,7259,64,1,0.9
