video_id,channel_id,channel_name,title,published_at,category_id,duration,view_count,like_count,comment_count
QuzttTTLyMk,UCWv7vMbMWH4-V0ZXdmDpPBA,Programming with Mosh,Claude Code Tutorial Dropped #claude #claudecode,2026-03-25T18:30:48Z,27,PT1M56S,32154,565,7
IuyVVtr1uhY,UCWv7vMbMWH4-V0ZXdmDpPBA,Programming with Mosh,Claude Code Tutorial - Build Apps 10x Faster with AI,2026-03-24T13:00:36Z,27,PT58M11S,301820,6549,303
-vqGZaThouQ,UCWv7vMbMWH4-V0ZXdmDpPBA,Programming with Mosh,New Course Dropping Soon...,2026-03-18T13:00:01Z,27,PT1M58S,27700,1428,123
CIXT-kc3l6g,UCWv7vMbMWH4-V0ZXdmDpPBA,Programming with Mosh,Top Programming Languages to Learn in 2026 #ai #technology #codeprep #programming #coding #tech,2025-12-19T13:30:17Z,27,PT2M50S,43582,1111,27
naNcmnKskUE,UCWv7vMbMWH4-V0ZXdmDpPBA,Programming with Mosh,Top 5 Programming Languages to Learn in 2026 (to Actually Get Hired),2025-12-18T13:00:06Z,27,PT11M31S,295524,8597,766
bshe96X5KkA,UCWv7vMbMWH4-V0ZXdmDpPBA,Programming with Mosh,AI Course for Developers - Build AI-Powered Apps,2025-08-26T12:30:47Z,27,PT1M6S,27275,868,13
PtETUYa3i2Q,UCWv7vMbMWH4-V0ZXdmDpPBA,Programming with Mosh,AI Course for Developers – Build AI-Powered Apps with React,2025-08-25T12:30:06Z,27,PT2H25M40S,146755,3974,249
V7TMkZH1AkM,UCWv7vMbMWH4-V0ZXdmDpPBA,Programming with Mosh,A Practical AI Course for Developers is Coming...,2025-08-18T23:46:05Z,27,PT51S,35577,1653,164
h4FRpDGuJyI,UCWv7vMbMWH4-V0ZXdmDpPBA,Programming with Mosh,"Microsoft laid off 6,000 people… but why?",2025-05-20T11:30:41Z,27,PT3M53S,97909,4444,372
EWd3_I4X32g,UCWv7vMbMWH4-V0ZXdmDpPBA,Programming with Mosh,Spring Boot Project: Build a REST API for an E-commerce Platform,2025-04-16T21:49:36Z,27,PT2H17S,227566,3907,151
M5B-xBmznok,UCWv7vMbMWH4-V0ZXdmDpPBA,Programming with Mosh,Part 2 of my Spring Boot course dropping soon!,2025-04-16T12:30:33Z,27,PT45S,21648,730,13
Iqz7BWePOys,UCWv7vMbMWH4-V0ZXdmDpPBA,Programming with Mosh,How Spring Boot Can Be A Game Changer For Your Career,2025-03-12T13:48:34Z,27,PT2M50S,23697,1970,19
v73-ps01c5w,UCWv7vMbMWH4-V0ZXdmDpPBA,Programming with Mosh,How Spring Boot Can Be A Game Changer For Your Career,2025-03-04T12:01:21Z,27,PT4M5S,97658,2357,103
gJrjgg1KVL4,UCWv7vMbMWH4-V0ZXdmDpPBA,Programming with Mosh,Spring Boot Tutorial for Beginners [2025],2025-02-26T12:30:48Z,27,PT1H11M22S,919649,15389,518
lvg8pBJ2kFg,UCWv7vMbMWH4-V0ZXdmDpPBA,Programming with Mosh,You asked for it. It’s finally happening!,2025-02-18T12:30:46Z,27,PT1M15S,35890,1184,148
K5KVEU3aaeQ,UCWv7vMbMWH4-V0ZXdmDpPBA,Programming with Mosh,Python Full Course for Beginners,2025-02-12T12:30:31Z,27,PT2H2M21S,6234281,145342,3815
v7BNtpw53AA,UCWv7vMbMWH4-V0ZXdmDpPBA,Programming with Mosh,The Complete Cybersecurity Roadmap: Land a Cybersecurity Job in 10 Months,2025-01-14T12:31:01Z,27,PT5M54S,642226,22388,610
gdiao7L9GjE,UCWv7vMbMWH4-V0ZXdmDpPBA,Programming with Mosh,From Zero to Blockchain Developer in 10 Months: Complete Roadmap,2025-01-07T12:30:49Z,27,PT4M59S,255958,7907,352
zVEH7Zt1j9A,UCWv7vMbMWH4-V0ZXdmDpPBA,Programming with Mosh,Top Tech Jobs for 2025: High Demand & High Pay,2024-12-27T12:30:58Z,27,PT2M2S,38083,1453,52
fZmQ_aPXJAM,UCWv7vMbMWH4-V0ZXdmDpPBA,Programming with Mosh,The Best Tech Jobs for 2025: High Demand & High Pay,2024-12-24T13:30:06Z,27,PT5M16S,591922,13009,664
AD43TVI2S0A,UCWv7vMbMWH4-V0ZXdmDpPBA,Programming with Mosh,Mosh's Christmas Gift to You!,2024-12-13T16:30:04Z,27,PT1M24S,25179,822,110
AQdMaSaHWdM,UCWv7vMbMWH4-V0ZXdmDpPBA,Programming with Mosh,Don't Miss Mosh's Black Friday Sale!,2024-11-25T13:00:11Z,27,PT2M14S,17227,633,48
YNtWJNPCPPs,UCWv7vMbMWH4-V0ZXdmDpPBA,Programming with Mosh,Don't Miss Mosh's Black Friday Sale!,2024-11-23T14:00:25Z,27,PT2M14S,102560,1127,150
BGZB9dn0GV4,UCWv7vMbMWH4-V0ZXdmDpPBA,Programming with Mosh,3 Problems with AI-Generated Code,2024-11-15T13:00:19Z,27,PT8M40S,94030,3822,404
yVl_G-F7m8c,UCWv7vMbMWH4-V0ZXdmDpPBA,Programming with Mosh,Python Projects for Beginners – Master Problem-Solving! 🚀,2024-09-10T13:01:00Z,27,PT53M,855355,17509,578
6GQRb4fGvtk,UCWv7vMbMWH4-V0ZXdmDpPBA,Programming with Mosh,The Complete DevOps Roadmap,2024-08-15T13:00:08Z,27,PT8M1S,588374,16498,522
YRJbhFLLPyE,UCWv7vMbMWH4-V0ZXdmDpPBA,Programming with Mosh,The Complete Data Analyst Roadmap,2024-08-06T13:00:37Z,27,PT4M8S,716541,18459,359
9R3X0JoCLyU,UCWv7vMbMWH4-V0ZXdmDpPBA,Programming with Mosh,The Complete Data Science Roadmap,2024-08-01T13:00:08Z,27,PT6M13S,778099,21840,485
GxmfcnU3feo,UCWv7vMbMWH4-V0ZXdmDpPBA,Programming with Mosh,The Complete Web Development Roadmap,2024-07-25T13:00:16Z,27,PT15M15S,1378466,25194,877
7IgVGSaQPaw,UCWv7vMbMWH4-V0ZXdmDpPBA,Programming with Mosh,The Complete Machine Learning Roadmap,2024-07-18T13:00:06Z,27,PT5M25S,999715,27379,869
3ZEMvvDFEdA,UCWv7vMbMWH4-V0ZXdmDpPBA,Programming with Mosh,Become a Mobile Developer in 12 Months! 🚀,2024-07-11T13:00:07Z,27,PT55S,20954,990,20
yye7rSsiV6k,UCWv7vMbMWH4-V0ZXdmDpPBA,Programming with Mosh,The Complete App Development Roadmap,2024-07-04T13:01:03Z,27,PT7M52S,1549448,34424,914
IQDA39A44AA,UCWv7vMbMWH4-V0ZXdmDpPBA,Programming with Mosh,Become a Back-end Developer in 12 Months! 🚀,2024-06-19T13:00:24Z,27,PT59S,29901,1560,18
CxLdTIIMXuM,UCWv7vMbMWH4-V0ZXdmDpPBA,Programming with Mosh,Become a Frontend Developer in 12 Months! 🚀,2024-06-12T13:00:21Z,27,PT52S,44704,1793,18
OeEHJgzqS1k,UCWv7vMbMWH4-V0ZXdmDpPBA,Programming with Mosh,The Complete Backend Developer Roadmap,2024-06-11T13:00:30Z,27,PT8M24S,784838,21267,589
Tef1e9FiSR0,UCWv7vMbMWH4-V0ZXdmDpPBA,Programming with Mosh,The Complete Frontend Developer Roadmap,2024-05-28T13:00:06Z,27,PT8M54S,615631,20071,556
J-graiyPhpw,UCWv7vMbMWH4-V0ZXdmDpPBA,Programming with Mosh,9 Reasons People Hate JavaScript,2024-05-17T13:00:17Z,27,PT4M45S,134936,4117,357
3WphgC4wq0I,UCWv7vMbMWH4-V0ZXdmDpPBA,Programming with Mosh,Stop Wasting Time on the Wrong Languages,2024-05-10T13:00:03Z,27,PT57S,23169,1338,31
7IoNR3q2Jcc,UCWv7vMbMWH4-V0ZXdmDpPBA,Programming with Mosh,Is Coding Still Worth Learning in 2024?,2024-05-09T13:00:07Z,27,PT35S,39227,1363,29
tdFsel6-bgo,UCWv7vMbMWH4-V0ZXdmDpPBA,Programming with Mosh,How to Get a Programming Job with No Experience,2024-05-08T13:01:00Z,27,PT55S,23649,1422,30
8jP78iP6zVM,UCWv7vMbMWH4-V0ZXdmDpPBA,Programming with Mosh,Do you need a college degree to be a software engineer?,2024-05-03T13:00:11Z,27,PT43S,23996,1450,31
Zl1hnNOAbFQ,UCWv7vMbMWH4-V0ZXdmDpPBA,Programming with Mosh,50 Hour Courses Are a SCAM! Here's Why...,2024-05-02T13:00:28Z,27,PT32S,18496,975,32
cVMh0SIjp9k,UCWv7vMbMWH4-V0ZXdmDpPBA,Programming with Mosh,YouTube Tutorials Won't Get You Hired,2024-04-26T13:00:36Z,27,PT59S,21848,1455,22
iw0znRuaYL8,UCWv7vMbMWH4-V0ZXdmDpPBA,Programming with Mosh,The FASTEST Way to Learn Coding & Get a Job,2024-04-25T13:00:42Z,27,PT31S,45728,1640,19
KkmSR7c9qLc,UCWv7vMbMWH4-V0ZXdmDpPBA,Programming with Mosh,What is Automated Testing,2024-04-23T13:00:17Z,27,PT42S,12152,573,2
4gX44uyGSHo,UCWv7vMbMWH4-V0ZXdmDpPBA,Programming with Mosh,Is Coding Still Worth Learning in 2024?,2024-04-17T13:00:07Z,27,PT9M33S,381847,11361,833
FW49JfEXI3E,UCWv7vMbMWH4-V0ZXdmDpPBA,Programming with Mosh,Never Leave VSCode Again!,2024-04-16T13:00:23Z,27,PT34S,27551,970,10
Vrtx9G9lEuM,UCWv7vMbMWH4-V0ZXdmDpPBA,Programming with Mosh,Python in 1 Minute,2024-04-13T14:00:19Z,27,PT1M,429447,15747,100
vE7Cy5csYbQ,UCWv7vMbMWH4-V0ZXdmDpPBA,Programming with Mosh,Python in 2 Minutes!,2024-04-12T13:01:00Z,27,PT1M59S,103238,2749,100
nzzPMc1X_gM,UCWv7vMbMWH4-V0ZXdmDpPBA,Programming with Mosh,Mind-Blowing AI:  This Tool Clones Voices Perfectly!,2024-04-10T13:15:03Z,27,PT25S,12191,423,12
27YP6n6pDh0,UCWv7vMbMWH4-V0ZXdmDpPBA,Programming with Mosh,The FASTEST Way to Learn to Code & Get a Job,2024-04-09T13:00:06Z,27,PT5M48S,174251,7477,318
E9BXvDElDlw,UCWv7vMbMWH4-V0ZXdmDpPBA,Programming with Mosh,VSCode Trick: Stop Wasting Time Finding Files,2024-03-27T14:00:49Z,27,PT55S,23299,1164,12
-mA2HV1f4Go,UCWv7vMbMWH4-V0ZXdmDpPBA,Programming with Mosh,Endless YouTube Tutorials Are Wasting Your Time,2024-03-26T14:00:32Z,27,PT59S,15138,809,18
eImSRSe4JYQ,UCWv7vMbMWH4-V0ZXdmDpPBA,Programming with Mosh,💥 VSCode Trick: Instantly Find Any Code,2024-03-21T14:00:23Z,27,PT36S,25814,1488,23
vXYIwSrDFbg,UCWv7vMbMWH4-V0ZXdmDpPBA,Programming with Mosh,Happy Nowruz!,2024-03-20T17:59:02Z,27,PT14S,21214,949,162
XKkoVpupYdw,UCWv7vMbMWH4-V0ZXdmDpPBA,Programming with Mosh,Is Devin AI the End (or Future) of Coding?!,2024-03-20T13:00:06Z,27,PT8M2S,485761,8549,752
tfGzvBaZAR4,UCWv7vMbMWH4-V0ZXdmDpPBA,Programming with Mosh,"Ignore the Coding Hype, Focus on What Pays",2024-03-19T14:00:29Z,27,PT52S,26839,2118,36
GR2fdYBQfU0,UCWv7vMbMWH4-V0ZXdmDpPBA,Programming with Mosh,She Gave Up Her Coding Dreams... Don't Make the Same Mistake!,2024-03-18T14:00:45Z,27,PT59S,19016,1221,56
jt41xX_SMtA,UCWv7vMbMWH4-V0ZXdmDpPBA,Programming with Mosh,Think JavaScript = Job? WRONG!,2024-03-15T14:00:44Z,27,PT59S,21068,1454,12
HXH4yu227EQ,UCWv7vMbMWH4-V0ZXdmDpPBA,Programming with Mosh,Will Devin AI Replace Coders?,2024-03-14T14:00:06Z,27,PT4M51S,223186,8547,753
TJgFAOJsasA,UCWv7vMbMWH4-V0ZXdmDpPBA,Programming with Mosh,The #1 Thing Slowing Your Coding Progress,2024-03-13T14:00:57Z,27,PT36S,17920,1188,29
NJzlY_NgxDc,UCWv7vMbMWH4-V0ZXdmDpPBA,Programming with Mosh,Don't Let Ignorant CEOs Ruin Your Future (Coding Advice You Need),2024-03-12T17:58:40Z,27,PT58S,154454,9506,614
80FYJ9BEqxs,UCWv7vMbMWH4-V0ZXdmDpPBA,Programming with Mosh,Level Up Your Coding Game with Multi-cursor Editing,2024-03-11T19:52:29Z,27,PT54S,28512,1882,16
8Xwq35cPwYg,UCWv7vMbMWH4-V0ZXdmDpPBA,Programming with Mosh,React Testing for Beginners: Start Here!,2024-02-27T13:00:09Z,27,PT1H17M14S,274813,4669,193
gBNF51jchgg,UCWv7vMbMWH4-V0ZXdmDpPBA,Programming with Mosh,New Course Coming Soon! #shorts,2024-02-22T18:41:22Z,27,PT39S,18125,1262,93
zuKbR4Q428o,UCWv7vMbMWH4-V0ZXdmDpPBA,Programming with Mosh,JavaScript Unit Testing Tutorial for Beginners,2024-01-29T14:00:11Z,27,PT48M32S,193435,3704,135
qngnPz_gDjo,UCWv7vMbMWH4-V0ZXdmDpPBA,Programming with Mosh,Mosh's Christmas Present to You (2023),2023-12-14T13:00:10Z,27,PT2M30S,87891,1493,211
8EQshxtk-iA,UCWv7vMbMWH4-V0ZXdmDpPBA,Programming with Mosh,Mosh's Black Friday Sale (2023),2023-11-16T13:00:06Z,27,PT1M44S,66297,807,127
B5Kh0kZ-gA8,UCWv7vMbMWH4-V0ZXdmDpPBA,Programming with Mosh,The Most Hated React Code!,2023-10-31T13:00:09Z,27,PT8M12S,46431,1776,114
J9sfR6HN6BY,UCWv7vMbMWH4-V0ZXdmDpPBA,Programming with Mosh,"Next.js Projects:  Build a Full-stack App with Next.js, Tailwind, Radix UI, and Prisma",2023-10-10T13:00:08Z,27,PT1H33M6S,224890,4576,198
ZVnjOPwW4ZA,UCWv7vMbMWH4-V0ZXdmDpPBA,Programming with Mosh,Next js Tutorial for Beginners | Nextjs 13 (App Router) with TypeScript,2023-09-11T13:00:10Z,27,PT1H2M55S,1288173,25250,669
SqcY0GlETPk,UCWv7vMbMWH4-V0ZXdmDpPBA,Programming with Mosh,React Tutorial for Beginners,2023-03-12T08:00:07Z,27,PT1H20M4S,5799717,97324,2014
sTeoEFzVNSc,UCWv7vMbMWH4-V0ZXdmDpPBA,Programming with Mosh,ChatGPT Tutorial for Developers - 38 Ways to 10x Your Productivity,2023-01-13T17:00:09Z,27,PT28M13S,3624885,54565,1562
uN6JO-5GW8w,UCWv7vMbMWH4-V0ZXdmDpPBA,Programming with Mosh,Mosh's Xmas gift to you!,2022-12-20T08:12:53Z,27,PT1M8S,49498,1319,126
FhyHvFXXkbo,UCWv7vMbMWH4-V0ZXdmDpPBA,Programming with Mosh,Don't write code like John Smith!,2022-11-15T14:00:07Z,27,PT1M25S,87744,3378,230
ZzaPdXTrSb8,UCWv7vMbMWH4-V0ZXdmDpPBA,Programming with Mosh,C++ Tutorial for Beginners - Learn C++ in 1 Hour,2022-08-10T16:00:12Z,27,PT1H22M56S,6477522,165271,4021
d56mG7DezGs,UCWv7vMbMWH4-V0ZXdmDpPBA,Programming with Mosh,TypeScript Tutorial for Beginners,2022-05-23T13:00:18Z,27,PT1H4M28S,2044190,36372,971
HG6yIjZapSA,UCWv7vMbMWH4-V0ZXdmDpPBA,Programming with Mosh,Docker Compose Tutorial,2022-03-22T14:00:12Z,27,PT33M2S,541519,8801,441
rH0winlka8A,UCWv7vMbMWH4-V0ZXdmDpPBA,Programming with Mosh,Java Collections Tutorial,2022-03-01T14:00:18Z,27,PT32M22S,278332,4527,95
7i3Rliqzquw,UCWv7vMbMWH4-V0ZXdmDpPBA,Programming with Mosh,Java Generics Tutorial,2022-02-22T14:00:07Z,27,PT18M12S,78212,1445,55
JFuMei9Wwk4,UCWv7vMbMWH4-V0ZXdmDpPBA,Programming with Mosh,Java Interfaces Tutorial,2022-02-15T14:00:06Z,27,PT15M42S,93369,1503,63
_nmm0nZqIIY,UCWv7vMbMWH4-V0ZXdmDpPBA,Programming with Mosh,Java Exception Handling Tutorial,2022-02-08T17:27:53Z,27,PT23M3S,240674,2867,116
Sf8vefrS5PQ,UCWv7vMbMWH4-V0ZXdmDpPBA,Programming with Mosh,Mosh's New Year's Gift to You!,2022-01-10T16:00:10Z,27,PT47S,56675,1461,154
LxQe4TqDdAU,UCWv7vMbMWH4-V0ZXdmDpPBA,Programming with Mosh,Mosh's Xmas Gift (2021),2021-12-20T23:02:36Z,27,PT1M13S,82758,2856,311
KaVlRUvwvNk,UCWv7vMbMWH4-V0ZXdmDpPBA,Programming with Mosh,50% Off Black Friday Sale,2021-11-22T19:09:19Z,27,PT52S,105419,2837,284
rHux0gMZ3Eg,UCWv7vMbMWH4-V0ZXdmDpPBA,Programming with Mosh,Django Tutorial for Beginners – Build Powerful Backends,2021-06-28T14:00:31Z,27,PT1H2M36S,3365603,55751,2286
pTFZFxd4hOI,UCWv7vMbMWH4-V0ZXdmDpPBA,Programming with Mosh,Docker Tutorial for Beginners,2021-03-30T15:14:41Z,27,PT56M4S,3117398,51181,1462
Eo90IEphG_M,UCWv7vMbMWH4-V0ZXdmDpPBA,Programming with Mosh,Docker course is coming!,2021-03-25T17:30:03Z,27,PT49S,46506,2015,220
qz0aGYrrlhU,UCWv7vMbMWH4-V0ZXdmDpPBA,Programming with Mosh,HTML Tutorial for Beginners: HTML Crash Course,2021-01-11T14:30:10Z,27,PT1H9M34S,10810699,235338,6419
-_X6PhkjpzU,UCWv7vMbMWH4-V0ZXdmDpPBA,Programming with Mosh,5 Front-end Development Skills to Land Your First Job,2021-01-07T14:30:14Z,27,PT9M2S,1511122,65944,1100
Nb0btdq1164,UCWv7vMbMWH4-V0ZXdmDpPBA,Programming with Mosh,"Learn Web Development and Make $78,000/y",2021-01-05T14:30:11Z,27,PT5M15S,234325,11611,504
1GlJnq-24uU,UCWv7vMbMWH4-V0ZXdmDpPBA,Programming with Mosh,Mosh's Christmas Gift to You!,2020-12-22T00:41:01Z,27,PT38S,85357,2613,260
2ReR1YJrNOM,UCWv7vMbMWH4-V0ZXdmDpPBA,Programming with Mosh,What is Git? Explained in 2 Minutes!,2020-09-21T13:00:03Z,27,PT2M40S,771503,26423,452
7eh4d6sabA0,UCWv7vMbMWH4-V0ZXdmDpPBA,Programming with Mosh,Python Machine Learning Tutorial (Data Science),2020-09-17T13:00:03Z,27,PT49M43S,3552379,78063,2025
kqtD5dpn9C8,UCWv7vMbMWH4-V0ZXdmDpPBA,Programming with Mosh,Python for Beginners - Learn Coding with Python in 1 Hour,2020-09-16T13:00:20Z,27,PT1H6S,24208593,550923,27613
8JJ101D3knE,UCWv7vMbMWH4-V0ZXdmDpPBA,Programming with Mosh,Git Tutorial for Beginners: Learn Git in 1 Hour,2020-09-15T12:45:00Z,27,PT1H9M13S,3369654,61379,1585
uxZZzmeCoLE,UCWv7vMbMWH4-V0ZXdmDpPBA,Programming with Mosh,Flutter vs React Native - Will Flutter Kill React Native?,2020-07-14T12:45:10Z,27,PT4M50S,422018,11879,952
6oFuwhIibo4,UCWv7vMbMWH4-V0ZXdmDpPBA,Programming with Mosh,What Is React Native & Why Is It So Popular?,2020-07-06T13:00:13Z,27,PT4M51S,265877,7931,250
nKzEJWbkPbQ,UCWv7vMbMWH4-V0ZXdmDpPBA,Programming with Mosh,Insertion Sort Algorithm Made Simple [Sorting Algorithms],2020-06-29T13:00:11Z,27,PT8M26S,351388,6971,173
uJLwnsLn0_Q,UCWv7vMbMWH4-V0ZXdmDpPBA,Programming with Mosh,Bubble Sort in Plain English,2020-06-22T13:00:10Z,27,PT11M35S,188206,4504,174
sK7WSa3s0pQ,UC_x5XG1OV2P6uZZ5FSM9Ttw,Google for Developers,Inside YC x Google DeepMind Startups Day,2026-05-08T16:00:01Z,28,PT1M17S,1017,21,2
E0rZ2qSQ3Sk,UC_x5XG1OV2P6uZZ5FSM9Ttw,Google for Developers,Current sleep cycle: 10% rest and 90% #GoogleIO planning. 😴,2026-05-07T19:22:39Z,28,PT8S,5930,68,3
9VD6_082sqI,UC_x5XG1OV2P6uZZ5FSM9Ttw,Google for Developers,Why is there a Matryoshka in my code? 🪆,2026-05-06T16:11:24Z,28,PT34S,2668,54,1
TE79gztnxZ8,UC_x5XG1OV2P6uZZ5FSM9Ttw,Google for Developers,POV: Solving the #GoogleIO puzzle is a full time job,2026-05-05T23:00:37Z,28,PT15S,10864,73,2
YUmB-BnNs18,UC_x5XG1OV2P6uZZ5FSM9Ttw,Google for Developers,Add Databases to Your App with AI Studio | Vibe Coding Guide,2026-05-05T21:13:27Z,28,PT4M57S,1524,69,9
ssDbeb9vB6g,UC_x5XG1OV2P6uZZ5FSM9Ttw,Google for Developers,Does this TypeScript compile under strict mode?,2026-05-04T13:01:37Z,28,PT33S,3573,71,8
uht9BjwbuuA,UC_x5XG1OV2P6uZZ5FSM9Ttw,Google for Developers,What you can do with Gemini Embedding 2,2026-05-01T19:00:59Z,28,PT1M1S,14076,751,8
fdimmU2hJQ4,UC_x5XG1OV2P6uZZ5FSM9Ttw,Google for Developers,Trying to log off on Friday before you get another assignment,2026-05-01T16:01:13Z,28,PT17S,28171,218,19
1PZKfIyrYOc,UC_x5XG1OV2P6uZZ5FSM9Ttw,Google for Developers,Unlocking Low-Level Control: Customizing Keras Training Loops with JAX,2026-04-30T23:00:02Z,28,PT6M33S,1843,65,2
_en7QoZ_utc,UC_x5XG1OV2P6uZZ5FSM9Ttw,Google for Developers,Building with Gemini Embedding 2: Our first natively multimodal embedding model,2026-04-30T19:00:38Z,28,PT11M15S,11430,366,26
bKRe5wu4Fcw,UC_x5XG1OV2P6uZZ5FSM9Ttw,Google for Developers,"Announcing Gemma 4, Google I/O ‘26 Updates, and more! - Google Developer News April 2026",2026-04-30T16:01:06Z,28,PT5M34S,9768,209,29
2ltcbA2CCTo,UC_x5XG1OV2P6uZZ5FSM9Ttw,Google for Developers,Building Voice Agents with Gemini Live API and Agora’s Conversational AI,2026-04-29T19:00:02Z,28,PT9M24S,5982,177,11
ZYeE4sYoRkw,UC_x5XG1OV2P6uZZ5FSM9Ttw,Google for Developers,Introducing Keras Recommenders: state-of-the-art recommendation techniques at your fingertips,2026-04-28T23:00:42Z,28,PT6M40S,5713,191,8
AJzxY_hhR6A,UC_x5XG1OV2P6uZZ5FSM9Ttw,Google for Developers,5 tips on keeping your code clean with Gemini,2026-04-28T19:00:08Z,28,PT15S,4977,137,3
eCHKCAWAnWE,UC_x5XG1OV2P6uZZ5FSM9Ttw,Google for Developers,Find the commit in the fewest commands!,2026-04-27T13:01:07Z,28,PT35S,16036,286,18
qznOtwiGudo,UC_x5XG1OV2P6uZZ5FSM9Ttw,Google for Developers,Give your Gemini Live Agent a phone number!,2026-04-24T16:01:35Z,28,PT48S,9987,214,6
TuHY331TGh4,UC_x5XG1OV2P6uZZ5FSM9Ttw,Google for Developers,That moment when you realize you’re on “Do Not Disturb”,2026-04-24T04:00:23Z,28,PT29S,12329,225,9
WYPdz3OZfuQ,UC_x5XG1OV2P6uZZ5FSM9Ttw,Google for Developers,Fireside chat on an agentic simulation: Race Condition,2026-04-23T19:00:52Z,28,PT50M35S,529,12,2
m6EyN2Z7HJk,UC_x5XG1OV2P6uZZ5FSM9Ttw,Google for Developers,Explore a high-scale agentic AI-powered simulation sandbox with Gemini Enterprise Agent Platform,2026-04-23T19:00:27Z,28,PT10M29S,4068,94,5
X4uePFyUpmY,UC_x5XG1OV2P6uZZ5FSM9Ttw,Google for Developers,“I’ll just fix this bug real quick!”,2026-04-23T04:00:38Z,28,PT12S,18083,261,18
7UOxdg6hUT8,UC_x5XG1OV2P6uZZ5FSM9Ttw,Google for Developers,CLI or MCP?  How should AI agents interact with external tools?,2026-04-22T23:00:06Z,28,PT1M42S,14617,672,23
ECYKo70pPNc,UC_x5XG1OV2P6uZZ5FSM9Ttw,Google for Developers,Introducing Agents CLI in Agent Platform,2026-04-22T16:04:43Z,28,PT4M28S,13967,419,20
CfYx8FF26u8,UC_x5XG1OV2P6uZZ5FSM9Ttw,Google for Developers,Deep Research Max: A step change for autonomous research agents,2026-04-21T22:57:19Z,28,PT3M3S,91360,2530,116
EPkU9ko2o4Y,UC_x5XG1OV2P6uZZ5FSM9Ttw,Google for Developers,See the capabilities of Gemini Live in real time,2026-04-21T19:00:11Z,28,PT55S,12288,344,14
FCb4LSzPVmo,UC_x5XG1OV2P6uZZ5FSM9Ttw,Google for Developers,Add Telephony to a Gemini Live Agent,2026-04-21T16:00:48Z,28,PT9M10S,14182,446,21
W1gWIQp9k1Y,UC_x5XG1OV2P6uZZ5FSM9Ttw,Google for Developers,Meet DESIGN.md: A new open standard for AI-generated UI,2026-04-21T16:00:28Z,28,PT10M16S,98397,3328,118
-vGE48lXTD0,UC_x5XG1OV2P6uZZ5FSM9Ttw,Google for Developers,Do these commits still exist in the repo?,2026-04-20T13:00:01Z,28,PT32S,9629,159,20
_n9um8SYFDw,UC_x5XG1OV2P6uZZ5FSM9Ttw,Google for Developers,Build smarter voice bots with Gemini 3.1 Flash-Lite,2026-04-17T23:00:40Z,28,PT1M11S,12629,426,14
BMFxtwk5jp4,UC_x5XG1OV2P6uZZ5FSM9Ttw,Google for Developers,"Oh, did the #GoogleIO Livestream Schedule just drop?",2026-04-16T19:00:19Z,28,PT24S,4826,63,2
J716eJOAnqE,UC_x5XG1OV2P6uZZ5FSM9Ttw,Google for Developers,Build a Voice-Enabled Telegram Bot with the Gemini Interactions API,2026-04-16T16:00:10Z,28,PT9M12S,5259,174,9
hPHo6u33csM,UC_x5XG1OV2P6uZZ5FSM9Ttw,Google for Developers,It’s always back to Day 1 with no syntax errors.,2026-04-16T04:00:44Z,28,PT9S,14935,138,6
1skEw28hsrw,UC_x5XG1OV2P6uZZ5FSM9Ttw,Google for Developers,How to implement Google Pay merchant-initiated transactions,2026-04-15T16:00:03Z,28,PT4M54S,1905,70,2
_UQixjbwUvE,UC_x5XG1OV2P6uZZ5FSM9Ttw,Google for Developers,Why you should attend Build with AI,2026-04-15T04:00:42Z,28,PT34S,7035,137,3
KPYtmPz5pbU,UC_x5XG1OV2P6uZZ5FSM9Ttw,Google for Developers,Developer Keynote (Google I/O '26) - American Sign Language,2026-04-14T19:33:40Z,28,P0D,0,1,0
aqmpZocmR8o,UC_x5XG1OV2P6uZZ5FSM9Ttw,Google for Developers,Developer Keynote (Google I/O '26),2026-04-14T19:30:55Z,28,P0D,0,7,0
9Bz94emGtSc,UC_x5XG1OV2P6uZZ5FSM9Ttw,Google for Developers,4 things devs should know about Gemma 4,2026-04-14T19:00:07Z,28,PT1M25S,23368,656,20
jkdvMEvG8T8,UC_x5XG1OV2P6uZZ5FSM9Ttw,Google for Developers,Give your robot a Voice with Gemini Live,2026-04-13T23:00:54Z,28,PT12M38S,7899,291,37
bXXCO7nspxU,UC_x5XG1OV2P6uZZ5FSM9Ttw,Google for Developers,A Git challenge: Which version ends up in the repo?,2026-04-13T13:01:10Z,28,PT32S,3919,58,18
rRwigJWuS94,UC_x5XG1OV2P6uZZ5FSM9Ttw,Google for Developers,When the warm-up routine is a little excessive.,2026-04-10T23:00:57Z,28,PT24S,13471,122,7
wIhkYnTpPs4,UC_x5XG1OV2P6uZZ5FSM9Ttw,Google for Developers,Google's ADK + MCP = The Future of AI Agents,2026-04-10T21:23:19Z,28,PT14M57S,4591,139,6
Igm94RIK1hY,UC_x5XG1OV2P6uZZ5FSM9Ttw,Google for Developers,What is the most underrated tool for developers?,2026-04-10T04:00:31Z,28,PT38S,15299,316,36
Y5zHHoLrvAE,UC_x5XG1OV2P6uZZ5FSM9Ttw,Google for Developers,How do AI video generation models work?,2026-04-09T19:00:36Z,28,PT11M53S,7729,375,16
tnP_Q5mS1I8,UC_x5XG1OV2P6uZZ5FSM9Ttw,Google for Developers,One Design Decision to Create Better Results in Stitch,2026-04-09T16:33:55Z,28,PT23M26S,49851,1985,75
HNf1DRE5NbU,UC_x5XG1OV2P6uZZ5FSM9Ttw,Google for Developers,"Testing tip for devs: Test behaviors, not methods.",2026-04-08T23:00:16Z,28,PT1M15S,7949,136,9
bc5X2iVyJc0,UC_x5XG1OV2P6uZZ5FSM9Ttw,Google for Developers,Add Gemini Live agents to your video conferencing with Fishjam,2026-04-08T16:01:05Z,28,PT14M5S,5501,182,12
F3syA3V2bYc,UC_x5XG1OV2P6uZZ5FSM9Ttw,Google for Developers,Punctuations really can showcase your personality!,2026-04-08T04:00:15Z,28,PT27S,12510,189,17
bBgfdmooqj0,UC_x5XG1OV2P6uZZ5FSM9Ttw,Google for Developers,3 updates to know about Google AI Studio,2026-04-07T23:00:48Z,28,PT1M27S,4793,224,10
z3cH4lRSQi8,UC_x5XG1OV2P6uZZ5FSM9Ttw,Google for Developers,What order do these four strings print in?,2026-04-06T13:01:52Z,28,PT32S,5511,70,8
b4fzrohYiwE,UC_x5XG1OV2P6uZZ5FSM9Ttw,Google for Developers,Build real-time conversational voice agents with Gemini 3,2026-04-03T16:01:04Z,28,PT1M9S,8867,227,11
6yjJ7Prt-RI,UC_x5XG1OV2P6uZZ5FSM9Ttw,Google for Developers,"AIventure: Learning about vibe-coding, agents and Gen AI with Gemma 4",2026-04-02T19:01:11Z,28,PT6M24S,11243,311,15
jZVBoFOJK-Q,UC_x5XG1OV2P6uZZ5FSM9Ttw,Google for Developers,What’s new in Gemma 4,2026-04-02T16:06:24Z,28,PT2M52S,380607,10724,472
6gMoDH3CxjU,UC_x5XG1OV2P6uZZ5FSM9Ttw,Google for Developers,"If you saw your boss’s ping, no you didn’t.",2026-04-02T04:00:12Z,28,PT12S,13711,131,6
yyE5VGjSjT4,UC_x5XG1OV2P6uZZ5FSM9Ttw,Google for Developers,Wasn’t expecting the sign to be so on the nose.,2026-04-01T04:00:00Z,28,PT7S,15859,162,8
Alu4L3Pgzkw,UC_x5XG1OV2P6uZZ5FSM9Ttw,Google for Developers,Announcing ADK Go 1.0,2026-03-31T23:06:27Z,28,PT2M51S,6992,199,5
Fk2t9AG721E,UC_x5XG1OV2P6uZZ5FSM9Ttw,Google for Developers,Build real-time multimodal agents with Gemini and Pipecat,2026-03-31T19:00:14Z,28,PT12M34S,6762,216,16
gJYZE9UXiHk,UC_x5XG1OV2P6uZZ5FSM9Ttw,Google for Developers,Google AI Studio's new full-stack vibe coding experience,2026-03-30T22:09:21Z,28,PT7M36S,58820,234,11
YqABMjSho_M,UC_x5XG1OV2P6uZZ5FSM9Ttw,Google for Developers,ADK for Java 1.0 is now available!,2026-03-30T19:02:57Z,28,PT7M50S,7991,197,14
jDCkirAz4-E,UC_x5XG1OV2P6uZZ5FSM9Ttw,Google for Developers,Prototype to Production with ADK,2026-03-30T19:00:00Z,28,PT45M35S,3643,112,12
NPfMT7Wrfb8,UC_x5XG1OV2P6uZZ5FSM9Ttw,Google for Developers,What does that setTimeout call actually log — and what happened to this? Go!,2026-03-30T13:01:30Z,28,PT36S,4755,78,16
XKZYUhwdsR4,UC_x5XG1OV2P6uZZ5FSM9Ttw,Google for Developers,Build real-time agents with Gemini 3.1 Flash Live!,2026-03-27T19:05:05Z,28,PT20S,28119,266,7
8lA6bF2EnvA,UC_x5XG1OV2P6uZZ5FSM9Ttw,Google for Developers,Automate Product Listings with Gemini + Vision Agents,2026-03-27T16:07:14Z,28,PT10M37S,9680,297,13
P8usv4eQM_w,UC_x5XG1OV2P6uZZ5FSM9Ttw,Google for Developers,Vibe designing with Stitch: create designs from natural language,2026-03-26T19:00:32Z,28,PT1M7S,8153,184,7
tj8ggd8UvB0,UC_x5XG1OV2P6uZZ5FSM9Ttw,Google for Developers,Building LiveKit Agents with Gemini Live API,2026-03-26T17:53:18Z,28,PT11M39S,8206,369,23
XV5bhkDpL7U,UC_x5XG1OV2P6uZZ5FSM9Ttw,Google for Developers,Building Voice Agents with Gemini 3,2026-03-26T15:47:08Z,28,PT23M55S,21829,643,30
2W1yuFLVTPE,UC_x5XG1OV2P6uZZ5FSM9Ttw,Google for Developers,Coding agent still making plans in markdown files? Beads can help.,2026-03-25T16:00:03Z,28,PT54S,10218,176,3
wTwgaoG6qjc,UC_x5XG1OV2P6uZZ5FSM9Ttw,Google for Developers,The tone in the “I don’t know” makes a difference.,2026-03-25T04:01:00Z,28,PT14S,13232,119,8
kXIgLG9INQU,UC_x5XG1OV2P6uZZ5FSM9Ttw,Google for Developers,What will the final count log show in Javascript? And why? Go!,2026-03-23T13:01:31Z,28,PT30S,6074,97,7
Z87vZFYC7hc,UC_x5XG1OV2P6uZZ5FSM9Ttw,Google for Developers,How to build a full-stack app with Supabase and Stripe on Google AI Studio,2026-03-20T21:32:48Z,28,PT8M21S,2819,105,9
oladCrY8A4g,UC_x5XG1OV2P6uZZ5FSM9Ttw,Google for Developers,"Google AI Studio Build: upgraded agent, full stack runtime & Firebase support",2026-03-19T19:01:21Z,28,PT51S,9487,253,17
9NN0f_8HHLM,UC_x5XG1OV2P6uZZ5FSM9Ttw,Google for Developers,Idk “refactoring later” sounds like a good plan 🤘,2026-03-19T04:00:15Z,28,PT1M7S,6726,196,12
HwZzsgdTO9Y,UC_x5XG1OV2P6uZZ5FSM9Ttw,Google for Developers,"At the club, we’re still debugging code.",2026-03-17T04:00:20Z,28,PT8S,9412,142,14
xMzPyRf5snY,UC_x5XG1OV2P6uZZ5FSM9Ttw,Google for Developers,Can you beat Python's brevity while keeping it efficient? Go!,2026-03-16T13:01:57Z,28,PT39S,8043,140,8
tqOFSI_47aA,UC_x5XG1OV2P6uZZ5FSM9Ttw,Google for Developers,"If you develop for Android, you’re ready to build for glasses. 👓",2026-03-13T17:21:41Z,28,PT40S,5979,105,3
P3x83uVnxsI,UC_x5XG1OV2P6uZZ5FSM9Ttw,Google for Developers,“We’ll make the deadline somehow!” 🫠,2026-03-13T04:00:22Z,28,PT7S,26007,232,6
aFbb9tceUYI,UC_x5XG1OV2P6uZZ5FSM9Ttw,Google for Developers,What devs need to know about Android Bench,2026-03-12T16:00:01Z,28,PT2M1S,11771,192,9
ndOI_9TPsPo,UC_x5XG1OV2P6uZZ5FSM9Ttw,Google for Developers,Different day. Same sentiment.,2026-03-12T04:00:50Z,28,PT10S,40196,483,22
QP9Nd-3Cfp8,UC_x5XG1OV2P6uZZ5FSM9Ttw,Google for Developers,Why you should group related parameters,2026-03-11T16:00:23Z,28,PT1M11S,14536,402,16
3hZNjc1VSBA,UC_x5XG1OV2P6uZZ5FSM9Ttw,Google for Developers,“Can you review my code? 🥺”,2026-03-11T04:00:08Z,28,PT31S,53585,535,14
50vObPjISww,UC_x5XG1OV2P6uZZ5FSM9Ttw,Google for Developers,Solve this JavaScript code golf challenge: write a function that replaces variables in a string. Go!,2026-03-09T16:00:13Z,28,PT38S,4606,69,6
DF9cvunST58,UC_x5XG1OV2P6uZZ5FSM9Ttw,Google for Developers,Keras Tutorial: Checkpointing distributed models with Orbax,2026-03-06T20:47:17Z,28,PT7M34S,2212,59,3
4BrU7SKUtvU,UC_x5XG1OV2P6uZZ5FSM9Ttw,Google for Developers,From the news desk 📰: How to generate music with Lyria 3,2026-03-05T17:00:09Z,28,PT1M,2976,42,4
EMdyDPKrJ3Q,UC_x5XG1OV2P6uZZ5FSM9Ttw,Google for Developers,"Keras 3 Distributed Training: Scaling Models with JAX using DataParallel, and ModelParallel",2026-03-04T17:00:31Z,28,PT6M51S,2594,86,9
qcM3tdB6H0o,UC_x5XG1OV2P6uZZ5FSM9Ttw,Google for Developers,How to Use the Gemini Batch API for Processing Large Datasets,2026-03-02T22:44:17Z,28,PT2M49S,3446,71,9
6I_ZouN3dMM,UC_x5XG1OV2P6uZZ5FSM9Ttw,Google for Developers,Can you beat Python's character count while staying readable? Go!,2026-03-02T14:00:08Z,28,PT41S,8720,156,8
QCjBI3yRirs,UC_x5XG1OV2P6uZZ5FSM9Ttw,Google for Developers,Who is the code saboteur? 🤔,2026-02-27T05:00:29Z,28,PT1M42S,4365,91,7
uWfHBVdi040,UC_x5XG1OV2P6uZZ5FSM9Ttw,Google for Developers,3 things you should know about Gemini 3.1 Pro (as a dev),2026-02-26T17:02:40Z,28,PT1M7S,9758,183,11
qKSI6S151dA,UC_x5XG1OV2P6uZZ5FSM9Ttw,Google for Developers,Office POV: The #GoogleIO save the date just dropped,2026-02-26T05:01:04Z,28,PT24S,7946,74,7
55X1Nh_oEP0,UC_x5XG1OV2P6uZZ5FSM9Ttw,Google for Developers,"Oh, ok. I guess we won’t film in here.",2026-02-25T05:00:07Z,28,PT14S,12968,98,6
HgTwHGG9vnU,UC_x5XG1OV2P6uZZ5FSM9Ttw,Google for Developers,The power of The Ralph Loop,2026-02-24T00:00:17Z,28,PT1M12S,15196,384,8
egtem2SkpIg,UC_x5XG1OV2P6uZZ5FSM9Ttw,Google for Developers,why does this query run and return the wrong result? Go!,2026-02-23T14:00:57Z,28,PT41S,5806,84,6
cHf77OKXvIU,UC_x5XG1OV2P6uZZ5FSM9Ttw,Google for Developers,Google Home: AI Tools Tips & Tricks,2026-02-21T00:00:53Z,28,PT57S,4459,86,3
HFEIEVbIpLg,UC_x5XG1OV2P6uZZ5FSM9Ttw,Google for Developers,Google Home: AI Tools Tips & Tricks,2026-02-20T20:00:22Z,28,PT6M29S,3314,109,7
3tVLhRyojA0,UC_x5XG1OV2P6uZZ5FSM9Ttw,Google for Developers,Home APIs Knowledge Base for Gemini,2026-02-20T05:00:03Z,28,PT45S,3841,53,0
2bBPabaalbk,UC_x5XG1OV2P6uZZ5FSM9Ttw,Google for Developers,Home APIs Knowledge Base for Gemini,2026-02-20T00:00:07Z,28,PT5M7S,3080,96,2
dv0RrIZLdXU,UC_x5XG1OV2P6uZZ5FSM9Ttw,Google for Developers,Get ready for #GoogleIO 🏋️,2026-02-19T17:00:47Z,28,PT42S,6696,103,10
NxJDxKOQ8cU,UC_x5XG1OV2P6uZZ5FSM9Ttw,Google for Developers,Google Home APIs Developer Challenge Recap,2026-02-19T05:00:23Z,28,PT41S,3309,52,0
NdA_uRFm7Ok,UC_x5XG1OV2P6uZZ5FSM9Ttw,Google for Developers,Google Home APIs Developer Challenge Recap,2026-02-19T00:00:24Z,28,PT2M19S,1996,75,1
mQUpaaU02DM,UC_x5XG1OV2P6uZZ5FSM9Ttw,Google for Developers,"Inside Lyria 3, Google's music generation model",2026-02-18T20:02:33Z,28,PT36M37S,12800,423,67
xNW_0F8JT3U,UC_x5XG1OV2P6uZZ5FSM9Ttw,Google for Developers,"Project Genie, #GoogleIO, and more! - Google Developer News February 2026",2026-02-18T17:49:12Z,28,PT6M35S,5807,237,8
mphShv2MJcY,UC_x5XG1OV2P6uZZ5FSM9Ttw,Google for Developers,"Google AI Studio: Account setup, rate limits & usage tracking",2026-02-14T00:01:02Z,28,PT1M47S,8919,167,17
Lkyr4k0qmF4,UC8butISFwT-Wl7EV0hUK0BQ,freeCodeCamp.org,Why big apps choose web over native,2026-05-10T12:43:14Z,28,PT49S,1376,9,0
UH2XXGPh0N0,UC8butISFwT-Wl7EV0hUK0BQ,freeCodeCamp.org,Apple's first logo was...complicated,2026-05-09T12:32:50Z,28,PT43S,9657,81,2
wDLdDaGR8S4,UC8butISFwT-Wl7EV0hUK0BQ,freeCodeCamp.org,"Learning ""just in time"" is a lot easier than it used to be. Swyx talks about why.",2026-05-08T12:18:26Z,28,PT47S,4847,31,0
oGO7IKO8HNE,UC8butISFwT-Wl7EV0hUK0BQ,freeCodeCamp.org,"Spatial computing might seem like something from the future, but it's not really...",2026-05-07T11:52:36Z,28,PT1M,2720,24,1
HNVaYYxmwLU,UC8butISFwT-Wl7EV0hUK0BQ,freeCodeCamp.org,Open Models Coding Essentials – Running LLMs Locally and in the Cloud Course,2026-05-07T10:00:29Z,27,PT2H17M28S,26591,1213,30
ooYKMPlIlwQ,UC8butISFwT-Wl7EV0hUK0BQ,freeCodeCamp.org,So what's CodePen 2.0? Why is it better? Chris Coyier tells you all about it.,2026-05-06T12:29:26Z,28,PT58S,4089,31,1
9liqUfS69co,UC8butISFwT-Wl7EV0hUK0BQ,freeCodeCamp.org,Become the best at what you love doing. That'll get employers to notice you.,2026-05-05T12:05:31Z,28,PT48S,3197,43,2
jzOy07fw2vY,UC8butISFwT-Wl7EV0hUK0BQ,freeCodeCamp.org,JavaScript Event Loop & Asynchronous Programming,2026-05-05T10:01:12Z,27,PT46M23S,22337,1182,36
r8k4VI8XZ_k,UC8butISFwT-Wl7EV0hUK0BQ,freeCodeCamp.org,YouTube was almost a very different site...,2026-05-04T12:17:29Z,28,PT41S,15633,125,3
WKdFAS78sgU,UC8butISFwT-Wl7EV0hUK0BQ,freeCodeCamp.org,"Quick tip from Homebrew project leader Mike McQuaid: downtime is important. Simple, right?",2026-05-03T12:43:26Z,28,PT9S,13414,135,2
WFxh3ybr-Pc,UC8butISFwT-Wl7EV0hUK0BQ,freeCodeCamp.org,"Avoid shortcuts, be honest about where you are, and learn for yourself.",2026-05-02T12:32:20Z,28,PT58S,24837,299,2
4nQt1FHaoqg,UC8butISFwT-Wl7EV0hUK0BQ,freeCodeCamp.org,Getting code to do what you want it to do is only a small fraction of the job,2026-05-01T12:18:21Z,28,PT42S,6659,73,0
GmtOxMl39Tc,UC8butISFwT-Wl7EV0hUK0BQ,freeCodeCamp.org,"Stanford's youngest instructor on InfoSec, AI, catching cheaters - Rachel Fernandez [Podcast #217]",2026-05-01T10:00:33Z,27,PT1H18M39S,11127,242,24
Ox-uvxRQXf4,UC8butISFwT-Wl7EV0hUK0BQ,freeCodeCamp.org,What is Agentic AI and how does it work? Ania explains here.,2026-04-30T11:52:14Z,28,PT1M7S,6769,68,3
yG-bGpD38Rw,UC8butISFwT-Wl7EV0hUK0BQ,freeCodeCamp.org,"If you suddenly lost all your programming knowledge, what should you focus on learning today?",2026-04-29T12:29:23Z,28,PT52S,12802,123,0
wApaJjvNZFs,UC8butISFwT-Wl7EV0hUK0BQ,freeCodeCamp.org,Inside Stanford's Elite Student Hackathon (Full Documentary on TreeHacks 2026),2026-04-29T10:01:36Z,27,PT1H42M23S,102239,2956,140
4m9j6hlbf4g,UC8butISFwT-Wl7EV0hUK0BQ,freeCodeCamp.org,"IT Fundamentals Course – Hardware, Cloud, DevOps, Networking, Security, Databases, DNS, Git, Linux",2026-04-28T14:38:54Z,27,PT13H2M11S,139517,7827,164
oHAiHuEVo8A,UC8butISFwT-Wl7EV0hUK0BQ,freeCodeCamp.org,Hot take from the fCC podcast: Use LLMs but don't treat them as a silver bullet.,2026-04-28T12:05:25Z,28,PT57S,6062,65,0
38-3cShsQBc,UC8butISFwT-Wl7EV0hUK0BQ,freeCodeCamp.org,We all know AI can be...divisive. Justin lays out a key reason why in his chat with Quincy.,2026-04-27T12:17:33Z,28,PT58S,8423,87,1
OnLdZrMcgGU,UC8butISFwT-Wl7EV0hUK0BQ,freeCodeCamp.org,"Ah, the age-old question. Who can relate?",2026-04-26T12:43:12Z,28,PT5S,3959,29,0
udA06kmorT0,UC8butISFwT-Wl7EV0hUK0BQ,freeCodeCamp.org,"Test-driven development is helpful, but it misses the mark in certain key areas",2026-04-25T12:32:23Z,28,PT1M,4358,54,3
XKOR4h3CrwE,UC8butISFwT-Wl7EV0hUK0BQ,freeCodeCamp.org,Gemini CLI Essentials – Full Course,2026-04-24T13:47:49Z,27,PT3H49M40S,34391,853,33
SuJOQ_WeGEA,UC8butISFwT-Wl7EV0hUK0BQ,freeCodeCamp.org,How does an API work? Ania explains it simply here.,2026-04-24T12:18:31Z,28,PT1M11S,6022,50,3
tLsoelNl3To,UC8butISFwT-Wl7EV0hUK0BQ,freeCodeCamp.org,Sliding Window Algorithm for Tech Interviews - Full Course,2026-04-23T12:50:32Z,27,PT1H46M47S,26127,900,21
8wGw-7yHPl0,UC8butISFwT-Wl7EV0hUK0BQ,freeCodeCamp.org,"If you're a junior developer, Swyx explains how you need to step up",2026-04-23T11:52:23Z,28,PT39S,9519,98,1
KaKcLgj5GCc,UC8butISFwT-Wl7EV0hUK0BQ,freeCodeCamp.org,Tired of switching between C# for the back end and JS for the front end?,2026-04-22T12:29:27Z,28,PT1M17S,9668,106,0
ozWrlHQGuvI,UC8butISFwT-Wl7EV0hUK0BQ,freeCodeCamp.org,3D Web Development with Blender and Three.js – Create a Cozy Café Portfolio,2026-04-22T10:01:31Z,27,PT5H24M28S,41307,1835,45
8j6C-3FooN8,UC8butISFwT-Wl7EV0hUK0BQ,freeCodeCamp.org,"In learning, information often isn't the issue. It's knowing what's useful, and what feels wrong.",2026-04-21T12:05:23Z,28,PT40S,4613,43,1
-leIp449qXA,UC8butISFwT-Wl7EV0hUK0BQ,freeCodeCamp.org,Automate Your Life in 4 hours – Agent and Automation Zapier Course,2026-04-21T10:00:01Z,27,PT4H57S,49225,1692,49
6XORL8Bsm9w,UC8butISFwT-Wl7EV0hUK0BQ,freeCodeCamp.org,Here's a little Monday Motivation for you.,2026-04-20T12:17:24Z,28,PT7S,6337,49,1
F-d5DyFo3Cg,UC8butISFwT-Wl7EV0hUK0BQ,freeCodeCamp.org,What motivates people to keep contributing to open source projects?,2026-04-19T12:43:30Z,28,PT29S,3831,31,0
04LPpj7lQlA,UC8butISFwT-Wl7EV0hUK0BQ,freeCodeCamp.org,"Software itself has no value. It's the solutions that are valuable, and that will sell.",2026-04-18T12:32:26Z,28,PT48S,5356,51,1
xGW-g1KIU9M,UC8butISFwT-Wl7EV0hUK0BQ,freeCodeCamp.org,"If you're job hunting, build software that removes friction from your own work",2026-04-17T12:18:39Z,28,PT57S,8413,76,4
pxMUG3gcoik,UC8butISFwT-Wl7EV0hUK0BQ,freeCodeCamp.org,How to friction-max your learning with software engineer Jessica Rose [Podcast #216],2026-04-17T10:01:30Z,27,PT52M49S,14185,323,21
-S4uCYU47LA,UC8butISFwT-Wl7EV0hUK0BQ,freeCodeCamp.org,Joke of the day. Do you get it?,2026-04-16T11:52:22Z,28,PT5S,17830,38,3
C842vFY5kRo,UC8butISFwT-Wl7EV0hUK0BQ,freeCodeCamp.org,"System Design Course – APIs, Databases, Caching, CDNs, Load Balancing & Production Infra",2026-04-16T10:00:28Z,27,PT2H5M22S,255889,10966,123
A84bznMx89A,UC8butISFwT-Wl7EV0hUK0BQ,freeCodeCamp.org,Why repeat business is so important for freelancers,2026-04-15T12:29:23Z,28,PT59S,3727,19,0
6gKAC9cWNZQ,UC8butISFwT-Wl7EV0hUK0BQ,freeCodeCamp.org,"When it comes to vibe coding, Chris asks: is it for a program or a product?",2026-04-14T12:05:39Z,28,PT46S,6173,63,0
u-Jl7bzab8A,UC8butISFwT-Wl7EV0hUK0BQ,freeCodeCamp.org,Codex Essentials – AI Assisted Agentic Development Course,2026-04-14T10:01:34Z,27,PT4H34M57S,36970,1012,47
-jTrzdO-6i4,UC8butISFwT-Wl7EV0hUK0BQ,freeCodeCamp.org,Recursion is a key concept in coding. Gavin explains it simply here.,2026-04-13T12:17:26Z,28,PT1M54S,21996,184,0
8tkXb5Wj4s0,UC8butISFwT-Wl7EV0hUK0BQ,freeCodeCamp.org,"""Oh, so this is what people mean by 'focus'!""",2026-04-12T12:43:56Z,28,PT57S,2710,32,4
hmA8gOvH4AY,UC8butISFwT-Wl7EV0hUK0BQ,freeCodeCamp.org,What has learning to code taught you...?,2026-04-11T12:32:21Z,28,PT4S,7776,38,0
XSxRY1666nA,UC8butISFwT-Wl7EV0hUK0BQ,freeCodeCamp.org,Bangladesh's thriving developer scene is full of beginners who are truly passionate about learning,2026-04-10T12:18:28Z,28,PT44S,8489,54,2
Tb6oaEkxtp8,UC8butISFwT-Wl7EV0hUK0BQ,freeCodeCamp.org,How to learn programming and CS in the AI hype era – interview with prof Mark Mahoney [Podcast #215],2026-04-10T11:35:45Z,27,PT1H16M6S,28928,845,75
TDUrGO9O_ro,UC8butISFwT-Wl7EV0hUK0BQ,freeCodeCamp.org,Git push -f? Uh huh...,2026-04-09T11:52:20Z,28,PT5S,7290,24,3
SqQUQHdYWyc,UC8butISFwT-Wl7EV0hUK0BQ,freeCodeCamp.org,CUDA Programming for NVIDIA H100s – Comprehensive Course,2026-04-09T10:00:48Z,27,P1DT38M25S,65867,2299,86
Dg5KwM2ndMg,UC8butISFwT-Wl7EV0hUK0BQ,freeCodeCamp.org,The magic of web dev: continuously and quickly improving your project. No waiting required.,2026-04-08T12:29:25Z,28,PT54S,5127,42,0
k-yDYgc8AmU,UC8butISFwT-Wl7EV0hUK0BQ,freeCodeCamp.org,Learn Drone Programming with Python – Tutorial,2026-04-07T12:19:56Z,27,PT1H47M41S,134845,5319,188
cmLlI2XqsVs,UC8butISFwT-Wl7EV0hUK0BQ,freeCodeCamp.org,Learn how to render elements into your scenes in Three.js,2026-04-07T12:05:30Z,28,PT30S,23844,96,2
pRcITcZ4laM,UC8butISFwT-Wl7EV0hUK0BQ,freeCodeCamp.org,"If you want to make social media work for you, focus on building true connections",2026-04-06T12:17:21Z,28,PT31S,6305,43,0
T8PMKaNP_UA,UC8butISFwT-Wl7EV0hUK0BQ,freeCodeCamp.org,"To keep clients: Do what you promise, communicate clearly, listen closely, and show you really care",2026-04-05T12:43:28Z,28,PT55S,6873,33,1
gM2Ra8GpGuU,UC8butISFwT-Wl7EV0hUK0BQ,freeCodeCamp.org,Why was the developer unhappy at their job...?,2026-04-04T12:32:15Z,28,PT13S,8635,47,2
gLm8i6ryFmA,UC8butISFwT-Wl7EV0hUK0BQ,freeCodeCamp.org,"When you're trying to learn a new deep skill, a structured approach is everything.",2026-04-03T12:18:34Z,28,PT1M14S,19755,153,1
ajIss2t5FxM,UC8butISFwT-Wl7EV0hUK0BQ,freeCodeCamp.org,"Lessons from 15,031 hours of coding live on Twitch with Chris Griffing [Podcast #214]",2026-04-03T10:00:06Z,27,PT1H18M45S,14278,319,29
zJHXDuUzFkc,UC8butISFwT-Wl7EV0hUK0BQ,freeCodeCamp.org,The Bad Website Club bootcamp is back - and they're going through fCC's RWD cert,2026-04-02T20:01:46Z,28,PT46S,13878,72,3
Q4reYv2-t4g,UC8butISFwT-Wl7EV0hUK0BQ,freeCodeCamp.org,"How streaming works in Next.js, explained with a simple example",2026-04-02T11:52:24Z,28,PT43S,13267,115,3
wYx9Q6dcJCw,UC8butISFwT-Wl7EV0hUK0BQ,freeCodeCamp.org,SaaS Marketing for Developers – Automate Sales Tasks with AI,2026-04-02T10:01:21Z,27,PT39M37S,38188,1348,44
ADAtpF-0gTw,UC8butISFwT-Wl7EV0hUK0BQ,freeCodeCamp.org,Joke of the day: Why do programmers prefer dark mode?,2026-04-01T12:29:21Z,28,PT5S,3335,27,4
5e9J47H9EFE,UC8butISFwT-Wl7EV0hUK0BQ,freeCodeCamp.org,"If you can contribute to an open source project and collaborate with others, you can work anywhere",2026-03-31T12:05:20Z,28,PT49S,11935,65,0
wlpBCazAY9Q,UC8butISFwT-Wl7EV0hUK0BQ,freeCodeCamp.org,"AI-Assisted Coding Tutorial – OpenClaw, GitHub Copilot, Claude Code, CodeRabbit, Gemini CLI",2026-03-31T10:01:00Z,27,PT1H25M26S,157649,4739,127
1Z-8HxlLAHk,UC8butISFwT-Wl7EV0hUK0BQ,freeCodeCamp.org,Kids and young people: stay curious and be willing to engage with others,2026-03-30T12:17:27Z,28,PT31S,4100,30,0
ehkDsePv3W8,UC8butISFwT-Wl7EV0hUK0BQ,freeCodeCamp.org,Here's a cool and easy way to work with colors in your Three.js projects,2026-03-29T12:43:24Z,28,PT14S,2607,32,1
uWRdzJTpcpI,UC8butISFwT-Wl7EV0hUK0BQ,freeCodeCamp.org,Do web devs NEED to understand low-level programming concepts? Chris doesn't think so...,2026-03-28T12:32:40Z,28,PT54S,11795,70,2
GC5CLCgnvm0,UC8butISFwT-Wl7EV0hUK0BQ,freeCodeCamp.org,"When things are new and a little scary, embracing a beginner's mindset can help",2026-03-27T12:18:22Z,28,PT58S,8497,54,1
tZef2ZzbyuQ,UC8butISFwT-Wl7EV0hUK0BQ,freeCodeCamp.org,What happens when the model CAN'T fix it? Interview w/ software engineer Landon Gray [Podcast #213],2026-03-27T10:00:57Z,27,PT1H32M41S,10923,247,13
GMytb7LNGOI,UC8butISFwT-Wl7EV0hUK0BQ,freeCodeCamp.org,Learn a bit about camera position in Three.js,2026-03-26T11:52:29Z,28,PT27S,28740,143,1
tchN4xa4pfg,UC8butISFwT-Wl7EV0hUK0BQ,freeCodeCamp.org,AI Foundations for Absolute Beginners,2026-03-26T10:01:27Z,27,PT52M36S,68815,2485,70
x9oi7CG_i7E,UC8butISFwT-Wl7EV0hUK0BQ,freeCodeCamp.org,A great novel can be written in any language - just like great programs.,2026-03-25T12:29:28Z,28,PT24S,6401,45,2
R8h_gpSpEVU,UC8butISFwT-Wl7EV0hUK0BQ,freeCodeCamp.org,Deploying AI Models with Hugging Face – Hands-On Course,2026-03-25T10:00:41Z,27,PT6H53M14S,43176,1511,33
CkbIIjplUvs,UC8butISFwT-Wl7EV0hUK0BQ,freeCodeCamp.org,Have you ever heard of G-Code? Here's a quick explainer of what it is.,2026-03-24T12:05:23Z,28,PT9S,15357,81,3
H_3sWUR9v7A,UC8butISFwT-Wl7EV0hUK0BQ,freeCodeCamp.org,"LLMs haven't really gotten ""smarter"" - but the tools we use with them have",2026-03-23T12:17:34Z,28,PT58S,16783,90,0
brLhhkUqcn4,UC8butISFwT-Wl7EV0hUK0BQ,freeCodeCamp.org,Claude Code Essentials,2026-03-23T10:30:24Z,27,PT12H20M10S,364559,12770,348
TnBI8_6tmKg,UC8butISFwT-Wl7EV0hUK0BQ,freeCodeCamp.org,Learn how to set a scene in Three.js,2026-03-22T12:43:37Z,28,PT26S,14735,60,1
xtGThMTO9rI,UC8butISFwT-Wl7EV0hUK0BQ,freeCodeCamp.org,Learning a new skill in your native language can be so powerful - and Sumit explains why,2026-03-21T12:32:21Z,28,PT55S,13642,134,1
uJrh9GHrC38,UC8butISFwT-Wl7EV0hUK0BQ,freeCodeCamp.org,The world still needs people who care - CodePen founder Chris Coyier interview [Podcast #212],2026-03-20T14:36:33Z,27,PT1H18M45S,16103,311,10
H3i9DGnMxWQ,UC8butISFwT-Wl7EV0hUK0BQ,freeCodeCamp.org,How do you find the balance between too much and too little in code and process reviews?,2026-03-20T12:18:21Z,28,PT59S,5856,29,0
v7Butot2fHY,UC8butISFwT-Wl7EV0hUK0BQ,freeCodeCamp.org,How to get started using Three.js,2026-03-19T11:52:35Z,28,PT33S,23201,128,1
jydYq7oAtD8,UC8butISFwT-Wl7EV0hUK0BQ,freeCodeCamp.org,"Software Testing Course – Playwright, E2E, and AI Agents",2026-03-19T10:01:20Z,27,PT1H3M31S,69745,2259,60
BiA08jfr4RU,UC8butISFwT-Wl7EV0hUK0BQ,freeCodeCamp.org,"19 Web Dev Projects – HTML, CSS, JavaScript Tutorial",2026-03-18T13:26:39Z,27,PT12H19S,107686,4509,122
VWcCVKaN2vA,UC8butISFwT-Wl7EV0hUK0BQ,freeCodeCamp.org,Learn the basics of LLMs in 60 seconds with Beau Carnes,2026-03-18T12:29:43Z,28,PT55S,122146,1863,19
WTw6NZDZ5mQ,UC8butISFwT-Wl7EV0hUK0BQ,freeCodeCamp.org,"Build an E-Commerce Web App with Paystack, NextJS, Supabase",2026-03-17T16:00:12Z,27,PT7H30M59S,32230,1122,22
Fd4XR_EkDHc,UC8butISFwT-Wl7EV0hUK0BQ,freeCodeCamp.org,"How JavaScript evolved to be able to handle more complexity, explained by Evan You",2026-03-17T14:57:07Z,28,PT55S,1490,28,0
NWONA48L6_w,UC8butISFwT-Wl7EV0hUK0BQ,freeCodeCamp.org,How to use the .rotateY() method in Three.js to make your 3D objects spin,2026-03-16T12:17:27Z,28,PT17S,5672,39,0
NCfxtLZQSzA,UC8butISFwT-Wl7EV0hUK0BQ,freeCodeCamp.org,"As a freelance dev, treat every email or phone call as if it could become 10 more",2026-03-15T12:43:21Z,28,PT30S,5171,43,0
zDVWehHdkHE,UC8butISFwT-Wl7EV0hUK0BQ,freeCodeCamp.org,How to use the .position() method in Three.js for perfect object placement,2026-03-14T12:32:34Z,28,PT20S,10381,54,0
7yruIW4NvEQ,UC8butISFwT-Wl7EV0hUK0BQ,freeCodeCamp.org,Sometimes you have to re-evaluate decisions you made 5 years (or 5 months!) ago in your codebase,2026-03-13T12:18:41Z,28,PT46S,10049,50,0
IRcL5as-RaE,UC8butISFwT-Wl7EV0hUK0BQ,freeCodeCamp.org,How to Land Freelance Clients with Small Business Whisperer Luke Ciciliano [Podcast #211],2026-03-13T10:00:27Z,27,PT1H47M30S,14653,398,21
PiflojewvfU,UC8butISFwT-Wl7EV0hUK0BQ,freeCodeCamp.org,How to use the .add() method in Three.js,2026-03-12T11:52:20Z,28,PT18S,7733,47,0
lnycGFq8JQI,UC8butISFwT-Wl7EV0hUK0BQ,freeCodeCamp.org,Our brains need to relax sometime - so find a way that works for you,2026-03-11T12:29:37Z,28,PT23S,11660,65,4
uHNOqKdqQas,UC8butISFwT-Wl7EV0hUK0BQ,freeCodeCamp.org,CI/CD in Production with Jenkins – Complete DevOps Course,2026-03-11T10:01:28Z,27,PT17H34M9S,66475,2349,95
CcrC5zSv1iA,UC8butISFwT-Wl7EV0hUK0BQ,freeCodeCamp.org,"LLM Fine-Tuning Course – From Supervised FT to RLHF, LoRA, and Multimodal",2026-03-10T13:09:40Z,27,PT11H56M26S,63087,2151,58
E2oyLZVBcQw,UC8butISFwT-Wl7EV0hUK0BQ,freeCodeCamp.org,"Why JavaScript is a ""glue"" language",2026-03-10T12:06:05Z,28,PT36S,17842,134,4
0XMdbWy2j1w,UC8butISFwT-Wl7EV0hUK0BQ,freeCodeCamp.org,Can you guess what this is? Wrong answers only!,2026-03-09T12:17:22Z,28,PT6S,7421,22,0
ldkfMvE36FI,UC8butISFwT-Wl7EV0hUK0BQ,freeCodeCamp.org,How to handle being thrown into an existing codebase and being expected to figure it out,2026-03-08T12:43:26Z,28,PT45S,5349,39,1
jie_039IekA,UC8butISFwT-Wl7EV0hUK0BQ,freeCodeCamp.org,"Why you shouldn't chase people to get what you need from them - info, payment, etc.",2026-03-07T13:32:30Z,28,PT59S,3327,26,0
mrRfPVm9nAY,UC8butISFwT-Wl7EV0hUK0BQ,freeCodeCamp.org,Learn the basics of Data Structures in 60 seconds with Beau Carnes.,2026-03-06T13:18:50Z,28,PT50S,77029,1056,5
hP931079TMw,UC8butISFwT-Wl7EV0hUK0BQ,freeCodeCamp.org,There are 2 kinds of devs. One of them is screwed. Justin Searls interview [Podcast #210],2026-03-06T11:01:15Z,27,PT1H29M34S,15850,335,52
tVskbekONlw,UC8butISFwT-Wl7EV0hUK0BQ,freeCodeCamp.org,Learn MLOps with MLflow and Databricks – Full Course for Machine Learning Engineers,2026-03-05T14:21:18Z,27,PT5H27M47S,47001,1601,39
OGRyln02De4,UC8butISFwT-Wl7EV0hUK0BQ,freeCodeCamp.org,Sometimes breaking your code and figuring out how to fix it is the best way to understand it,2026-03-05T12:52:31Z,28,PT1M,5389,57,1
cw02dMpWStI,UC8butISFwT-Wl7EV0hUK0BQ,freeCodeCamp.org,How to find good open source projects to contribute to - from Tapas Adhikary,2026-03-04T13:29:25Z,28,PT46S,7259,64,1
